[2m2026-09-22T16:11:52.766856Z[0m [33m WARN[0m [2mwinit::platform_impl::linux::x11::xdisplay[0m[2m:[0m error setting XSETTINGS; Xft options won't reload automatically
[2m2026-09-22T16:11:52.845634Z[0m [33m WARN[0m [2morbis_control[0m[2m:[0m gpu-power: refresh недоступен: BackendUnavailable("org.freedesktop.DBus.Error.Failed: org.freedesktop.DBus.Error.ServiceUnknown: The name is not activatable")
[2m2026-09-22T16:11:52.903666Z[0m [33m WARN[0m [2morbis_control[0m[2m:[0m product gpu status read failed; UI keeps previous evidence: Dbus("Signature mismatch: got `(uub)`, expected `(uuuub)`")
[2m2026-09-22T16:11:52.903752Z[0m [33m WARN[0m [2morbis_control[0m[2m:[0m power-limit refresh failed; observed snapshot is stale: Unsupported("asusd Armoury ppt_pl1_spl.CurrentValue: org.freedesktop.DBus.Error.Failed: Could not read current value")
[2m2026-09-22T16:11:57.845489Z[0m [33m WARN[0m [2morbis_control[0m[2m:[0m gpu-power: refresh недоступен: BackendUnavailable("org.freedesktop.DBus.Error.Failed: org.freedesktop.DBus.Error.ServiceUnknown: The name is not activatable")
[2m2026-09-22T16:11:57.853349Z[0m [33m WARN[0m [2morbis_control[0m[2m:[0m product gpu status read failed; UI keeps previous evidence: Dbus("Signature mismatch: got `(uub)`, expected `(uuuub)`")
[2m2026-09-22T16:12:02.846852Z[0m [33m WARN[0m [2morbis_control[0m[2m:[0m gpu-power: refresh недоступен: BackendUnavailable("org.freedesktop.DBus.Error.Failed: org.freedesktop.DBus.Error.ServiceUnknown: The name is not activatable")
[2m2026-09-22T16:12:02.858075Z[0m [33m WARN[0m [2morbis_control[0m[2m:[0m product gpu status read failed; UI keeps previous evidence: Dbus("Signature mismatch: got `(uub)`, expected `(uuuub)`")
[2m2026-09-22T16:12:07.846877Z[0m [33m WARN[0m [2morbis_control[0m[2m:[0m gpu-power: refresh недоступен: BackendUnavailable("org.freedesktop.DBus.Error.Failed: org.freedesktop.DBus.Error.ServiceUnknown: The name is not activatable")
[2m2026-09-22T16:12:07.857722Z[0m [33m WARN[0m [2morbis_control[0m[2m:[0m product gpu status read failed; UI keeps previous evidence: Dbus("Signature mismatch: got `(uub)`, expected `(uuuub)`")
[2m2026-09-22T16:12:12.847224Z[0m [33m WARN[0m [2morbis_control[0m[2m:[0m gpu-power: refresh недоступен: BackendUnavailable("org.freedesktop.DBus.Error.Failed: org.freedesktop.DBus.Error.ServiceUnknown: The name is not activatable")
[2m2026-09-22T16:12:12.858062Z[0m [33m WARN[0m [2morbis_control[0m[2m:[0m product gpu status read failed; UI keeps previous evidence: Dbus("Signature mismatch: got `(uub)`, expected `(uuuub)`")
[2m2026-09-22T16:12:17.846806Z[0m [33m WARN[0m [2morbis_control[0m[2m:[0m gpu-power: refresh недоступен: BackendUnavailable("org.freedesktop.DBus.Error.Failed: org.freedesktop.DBus.Error.ServiceUnknown: The name is not activatable")
[2m2026-09-22T16:12:17.857780Z[0m [33m WARN[0m [2morbis_control[0m[2m:[0m product gpu status read failed; UI keeps previous evidence: Dbus("Signature mismatch: got `(uub)`, expected `(uuuub)`")
[2m2026-09-22T16:12:22.847148Z[0m [33m WARN[0m [2morbis_control[0m[2m:[0m gpu-power: refresh недоступен: BackendUnavailable("org.freedesktop.DBus.Error.Failed: org.freedesktop.DBus.Error.ServiceUnknown: The name is not activatable")
[2m2026-09-22T16:12:22.881052Z[0m [33m WARN[0m [2morbis_control[0m[2m:[0m product gpu status read failed; UI keeps previous evidence: Dbus("Signature mismatch: got `(uub)`, expected `(uuuub)`")
[2m2026-09-22T16:12:27.847888Z[0m [33m WARN[0m [2morbis_control[0m[2m:[0m gpu-power: refresh недоступен: BackendUnavailable("org.freedesktop.DBus.Error.Failed: org.freedesktop.DBus.Error.ServiceUnknown: The name is not activatable")
[2m2026-09-22T16:12:27.859281Z[0m [33m WARN[0m [2morbis_control[0m[2m:[0m product gpu status read failed; UI keeps previous evidence: Dbus("Signature mismatch: got `(uub)`, expected `(uuuub)`")
[2m2026-09-22T16:12:32.846708Z[0m [33m WARN[0m [2morbis_control[0m[2m:[0m gpu-power: refresh недоступен: BackendUnavailable("org.freedesktop.DBus.Error.Failed: org.freedesktop.DBus.Error.ServiceUnknown: The name is not activatable")
[2m2026-09-22T16:12:32.858029Z[0m [33m WARN[0m [2morbis_control[0m[2m:[0m product gpu status read failed; UI keeps previous evidence: Dbus("Signature mismatch: got `(uub)`, expected `(uuuub)`")
[2m2026-09-22T16:12:37.846837Z[0m [33m WARN[0m [2morbis_control[0m[2m:[0m gpu-power: refresh недоступен: BackendUnavailable("org.freedesktop.DBus.Error.Failed: org.freedesktop.DBus.Error.ServiceUnknown: The name is not activatable")
[2m2026-09-22T16:12:37.857678Z[0m [33m WARN[0m [2morbis_control[0m[2m:[0m product gpu status read failed; UI keeps previous evidence: Dbus("Signature mismatch: got `(uub)`, expected `(uuuub)`")
[2m2026-09-22T16:12:42.848160Z[0m [33m WARN[0m [2morbis_control[0m[2m:[0m gpu-power: refresh недоступен: BackendUnavailable("org.freedesktop.DBus.Error.Failed: org.freedesktop.DBus.Error.ServiceUnknown: The name is not activatable")
[2m2026-09-22T16:12:42.859505Z[0m [33m WARN[0m [2morbis_control[0m[2m:[0m product gpu status read failed; UI keeps previous evidence: Dbus("Signature mismatch: got `(uub)`, expected `(uuuub)`")
[2m2026-09-22T16:12:47.847148Z[0m [33m WARN[0m [2morbis_control[0m[2m:[0m gpu-power: refresh недоступен: BackendUnavailable("org.freedesktop.DBus.Error.Failed: org.freedesktop.DBus.Error.ServiceUnknown: The name is not activatable")
[2m2026-09-22T16:12:47.858938Z[0m [33m WARN[0m [2morbis_control[0m[2m:[0m product gpu status read failed; UI keeps previous evidence: Dbus("Signature mismatch: got `(uub)`, expected `(uuuub)`")
[2m2026-09-22T16:12:52.846777Z[0m [33m WARN[0m [2morbis_control[0m[2m:[0m gpu-power: refresh недоступен: BackendUnavailable("org.freedesktop.DBus.Error.Failed: org.freedesktop.DBus.Error.ServiceUnknown: The name is not activatable")
[2m2026-09-22T16:12:52.879733Z[0m [33m WARN[0m [2morbis_control[0m[2m:[0m product gpu status read failed; UI keeps previous evidence: Dbus("Signature mismatch: got `(uub)`, expected `(uuuub)`")
[2m2026-09-22T16:12:57.846358Z[0m [33m WARN[0m [2morbis_control[0m[2m:[0m gpu-power: refresh недоступен: BackendUnavailable("org.freedesktop.DBus.Error.Failed: org.freedesktop.DBus.Error.ServiceUnknown: The name is not activatable")
[2m2026-09-22T16:12:57.857724Z[0m [33m WARN[0m [2morbis_control[0m[2m:[0m product gpu status read failed; UI keeps previous evidence: Dbus("Signature mismatch: got `(uub)`, expected `(uuuub)`")
[2m2026-09-22T16:13:02.847405Z[0m [33m WARN[0m [2morbis_control[0m[2m:[0m gpu-power: refresh недоступен: BackendUnavailable("org.freedesktop.DBus.Error.Failed: org.freedesktop.DBus.Error.ServiceUnknown: The name is not activatable")
[2m2026-09-22T16:13:02.858401Z[0m [33m WARN[0m [2morbis_control[0m[2m:[0m product gpu status read failed; UI keeps previous evidence: Dbus("Signature mismatch: got `(uub)`, expected `(uuuub)`")
[2m2026-09-22T16:13:07.847711Z[0m [33m WARN[0m [2morbis_control[0m[2m:[0m gpu-power: refresh недоступен: BackendUnavailable("org.freedesktop.DBus.Error.Failed: org.freedesktop.DBus.Error.ServiceUnknown: The name is not activatable")
[2m2026-09-22T16:13:07.859009Z[0m [33m WARN[0m [2morbis_control[0m[2m:[0m product gpu status read failed; UI keeps previous evidence: Dbus("Signature mismatch: got `(uub)`, expected `(uuuub)`")
[2m2026-09-22T16:13:12.847273Z[0m [33m WARN[0m [2morbis_control[0m[2m:[0m gpu-power: refresh недоступен: BackendUnavailable("org.freedesktop.DBus.Error.Failed: org.freedesktop.DBus.Error.ServiceUnknown: The name is not activatable")
[2m2026-09-22T16:13:12.858536Z[0m [33m WARN[0m [2morbis_control[0m[2m:[0m product gpu status read failed; UI keeps previous evidence: Dbus("Signature mismatch: got `(uub)`, expected `(uuuub)`")
[2m2026-09-22T16:13:17.846619Z[0m [33m WARN[0m [2morbis_control[0m[2m:[0m gpu-power: refresh недоступен: BackendUnavailable("org.freedesktop.DBus.Error.Failed: org.freedesktop.DBus.Error.ServiceUnknown: The name is not activatable")
[2m2026-09-22T16:13:17.857580Z[0m [33m WARN[0m [2morbis_control[0m[2m:[0m product gpu status read failed; UI keeps previous evidence: Dbus("Signature mismatch: got `(uub)`, expected `(uuuub)`")
[2m2026-09-22T16:13:22.846858Z[0m [33m WARN[0m [2morbis_control[0m[2m:[0m gpu-power: refresh недоступен: BackendUnavailable("org.freedesktop.DBus.Error.Failed: org.freedesktop.DBus.Error.ServiceUnknown: The name is not activatable")
[2m2026-09-22T16:13:22.880351Z[0m [33m WARN[0m [2morbis_control[0m[2m:[0m product gpu status read failed; UI keeps previous evidence: Dbus("Signature mismatch: got `(uub)`, expected `(uuuub)`")
[2m2026-09-22T16:13:27.844974Z[0m [33m WARN[0m [2morbis_control[0m[2m:[0m gpu-power: refresh недоступен: BackendUnavailable("org.freedesktop.DBus.Error.Failed: org.freedesktop.DBus.Error.ServiceUnknown: The name is not activatable")
[2m2026-09-22T16:13:27.853858Z[0m [33m WARN[0m [2morbis_control[0m[2m:[0m product gpu status read failed; UI keeps previous evidence: Dbus("Signature mismatch: got `(uub)`, expected `(uuuub)`")
[2m2026-09-22T16:13:32.846921Z[0m [33m WARN[0m [2morbis_control[0m[2m:[0m gpu-power: refresh недоступен: BackendUnavailable("org.freedesktop.DBus.Error.Failed: org.freedesktop.DBus.Error.ServiceUnknown: The name is not activatable")
[2m2026-09-22T16:13:32.857964Z[0m [33m WARN[0m [2morbis_control[0m[2m:[0m product gpu status read failed; UI keeps previous evidence: Dbus("Signature mismatch: got `(uub)`, expected `(uuuub)`")
[2m2026-09-22T16:13:37.846896Z[0m [33m WARN[0m [2morbis_control[0m[2m:[0m gpu-power: refresh недоступен: BackendUnavailable("org.freedesktop.DBus.Error.Failed: org.freedesktop.DBus.Error.ServiceUnknown: The name is not activatable")
[2m2026-09-22T16:13:37.857864Z[0m [33m WARN[0m [2morbis_control[0m[2m:[0m product gpu status read failed; UI keeps previous evidence: Dbus("Signature mismatch: got `(uub)`, expected `(uuuub)`")
[2m2026-09-22T16:13:42.847014Z[0m [33m WARN[0m [2morbis_control[0m[2m:[0m gpu-power: refresh недоступен: BackendUnavailable("org.freedesktop.DBus.Error.Failed: org.freedesktop.DBus.Error.ServiceUnknown: The name is not activatable")
[2m2026-09-22T16:13:42.858358Z[0m [33m WARN[0m [2morbis_control[0m[2m:[0m product gpu status read failed; UI keeps previous evidence: Dbus("Signature mismatch: got `(uub)`, expected `(uuuub)`")
[2m2026-09-22T16:13:47.848076Z[0m [33m WARN[0m [2morbis_control[0m[2m:[0m gpu-power: refresh недоступен: BackendUnavailable("org.freedesktop.DBus.Error.Failed: org.freedesktop.DBus.Error.ServiceUnknown: The name is not activatable")
[2m2026-09-22T16:13:47.859481Z[0m [33m WARN[0m [2morbis_control[0m[2m:[0m product gpu status read failed; UI keeps previous evidence: Dbus("Signature mismatch: got `(uub)`, expected `(uuuub)`")
[2m2026-09-22T16:13:52.846623Z[0m [33m WARN[0m [2morbis_control[0m[2m:[0m gpu-power: refresh недоступен: BackendUnavailable("org.freedesktop.DBus.Error.Failed: org.freedesktop.DBus.Error.ServiceUnknown: The name is not activatable")
[2m2026-09-22T16:13:52.879837Z[0m [33m WARN[0m [2morbis_control[0m[2m:[0m product gpu status read failed; UI keeps previous evidence: Dbus("Signature mismatch: got `(uub)`, expected `(uuuub)`")
[2m2026-09-22T16:13:57.846476Z[0m [33m WARN[0m [2morbis_control[0m[2m:[0m gpu-power: refresh недоступен: BackendUnavailable("org.freedesktop.DBus.Error.Failed: org.freedesktop.DBus.Error.ServiceUnknown: The name is not activatable")
[2m2026-09-22T16:13:57.857505Z[0m [33m WARN[0m [2morbis_control[0m[2m:[0m product gpu status read failed; UI keeps previous evidence: Dbus("Signature mismatch: got `(uub)`, expected `(uuuub)`")
[2m2026-09-22T16:14:02.844421Z[0m [33m WARN[0m [2morbis_control[0m[2m:[0m gpu-power: refresh недоступен: BackendUnavailable("org.freedesktop.DBus.Error.Failed: org.freedesktop.DBus.Error.ServiceUnknown: The name is not activatable")
[2m2026-09-22T16:14:02.853340Z[0m [33m WARN[0m [2morbis_control[0m[2m:[0m product gpu status read failed; UI keeps previous evidence: Dbus("Signature mismatch: got `(uub)`, expected `(uuuub)`")
[2m2026-09-22T16:14:07.845615Z[0m [33m WARN[0m [2morbis_control[0m[2m:[0m gpu-power: refresh недоступен: BackendUnavailable("org.freedesktop.DBus.Error.Failed: org.freedesktop.DBus.Error.ServiceUnknown: The name is not activatable")
[2m2026-09-22T16:14:07.854222Z[0m [33m WARN[0m [2morbis_control[0m[2m:[0m product gpu status read failed; UI keeps previous evidence: Dbus("Signature mismatch: got `(uub)`, expected `(uuuub)`")
[2m2026-09-22T16:14:12.847169Z[0m [33m WARN[0m [2morbis_control[0m[2m:[0m gpu-power: refresh недоступен: BackendUnavailable("org.freedesktop.DBus.Error.Failed: org.freedesktop.DBus.Error.ServiceUnknown: The name is not activatable")
[2m2026-09-22T16:14:12.858483Z[0m [33m WARN[0m [2morbis_control[0m[2m:[0m product gpu status read failed; UI keeps previous evidence: Dbus("Signature mismatch: got `(uub)`, expected `(uuuub)`")
[2m2026-09-22T16:14:17.846767Z[0m [33m WARN[0m [2morbis_control[0m[2m:[0m gpu-power: refresh недоступен: BackendUnavailable("org.freedesktop.DBus.Error.Failed: org.freedesktop.DBus.Error.ServiceUnknown: The name is not activatable")
[2m2026-09-22T16:14:17.857994Z[0m [33m WARN[0m [2morbis_control[0m[2m:[0m product gpu status read failed; UI keeps previous evidence: Dbus("Signature mismatch: got `(uub)`, expected `(uuuub)`")
[2m2026-09-22T16:14:22.846776Z[0m [33m WARN[0m [2morbis_control[0m[2m:[0m gpu-power: refresh недоступен: BackendUnavailable("org.freedesktop.DBus.Error.Failed: org.freedesktop.DBus.Error.ServiceUnknown: The name is not activatable")
[2m2026-09-22T16:14:22.880054Z[0m [33m WARN[0m [2morbis_control[0m[2m:[0m product gpu status read failed; UI keeps previous evidence: Dbus("Signature mismatch: got `(uub)`, expected `(uuuub)`")
[2m2026-09-22T16:14:27.847209Z[0m [33m WARN[0m [2morbis_control[0m[2m:[0m gpu-power: refresh недоступен: BackendUnavailable("org.freedesktop.DBus.Error.Failed: org.freedesktop.DBus.Error.ServiceUnknown: The name is not activatable")
[2m2026-09-22T16:14:27.858580Z[0m [33m WARN[0m [2morbis_control[0m[2m:[0m product gpu status read failed; UI keeps previous evidence: Dbus("Signature mismatch: got `(uub)`, expected `(uuuub)`")
[2m2026-09-22T16:14:32.846708Z[0m [33m WARN[0m [2morbis_control[0m[2m:[0m gpu-power: refresh недоступен: BackendUnavailable("org.freedesktop.DBus.Error.Failed: org.freedesktop.DBus.Error.ServiceUnknown: The name is not activatable")
[2m2026-09-22T16:14:32.857735Z[0m [33m WARN[0m [2morbis_control[0m[2m:[0m product gpu status read failed; UI keeps previous evidence: Dbus("Signature mismatch: got `(uub)`, expected `(uuuub)`")
[2m2026-09-22T16:14:37.847045Z[0m [33m WARN[0m [2morbis_control[0m[2m:[0m gpu-power: refresh недоступен: BackendUnavailable("org.freedesktop.DBus.Error.Failed: org.freedesktop.DBus.Error.ServiceUnknown: The name is not activatable")
[2m2026-09-22T16:14:37.858507Z[0m [33m WARN[0m [2morbis_control[0m[2m:[0m product gpu status read failed; UI keeps previous evidence: Dbus("Signature mismatch: got `(uub)`, expected `(uuuub)`")
[2m2026-09-22T16:14:42.846963Z[0m [33m WARN[0m [2morbis_control[0m[2m:[0m gpu-power: refresh недоступен: BackendUnavailable("org.freedesktop.DBus.Error.Failed: org.freedesktop.DBus.Error.ServiceUnknown: The name is not activatable")
[2m2026-09-22T16:14:42.858020Z[0m [33m WARN[0m [2morbis_control[0m[2m:[0m product gpu status read failed; UI keeps previous evidence: Dbus("Signature mismatch: got `(uub)`, expected `(uuuub)`")
[2m2026-09-22T16:14:47.847726Z[0m [33m WARN[0m [2morbis_control[0m[2m:[0m gpu-power: refresh недоступен: BackendUnavailable("org.freedesktop.DBus.Error.Failed: org.freedesktop.DBus.Error.ServiceUnknown: The name is not activatable")
[2m2026-09-22T16:14:47.859098Z[0m [33m WARN[0m [2morbis_control[0m[2m:[0m product gpu status read failed; UI keeps previous evidence: Dbus("Signature mismatch: got `(uub)`, expected `(uuuub)`")
[2m2026-09-22T16:14:52.847552Z[0m [33m WARN[0m [2morbis_control[0m[2m:[0m gpu-power: refresh недоступен: BackendUnavailable("org.freedesktop.DBus.Error.Failed: org.freedesktop.DBus.Error.ServiceUnknown: The name is not activatable")
[2m2026-09-22T16:14:52.880900Z[0m [33m WARN[0m [2morbis_control[0m[2m:[0m product gpu status read failed; UI keeps previous evidence: Dbus("Signature mismatch: got `(uub)`, expected `(uuuub)`")
[2m2026-09-22T16:14:57.846721Z[0m [33m WARN[0m [2morbis_control[0m[2m:[0m gpu-power: refresh недоступен: BackendUnavailable("org.freedesktop.DBus.Error.Failed: org.freedesktop.DBus.Error.ServiceUnknown: The name is not activatable")
[2m2026-09-22T16:14:57.858036Z[0m [33m WARN[0m [2morbis_control[0m[2m:[0m product gpu status read failed; UI keeps previous evidence: Dbus("Signature mismatch: got `(uub)`, expected `(uuuub)`")
[2m2026-09-22T16:15:02.846477Z[0m [33m WARN[0m [2morbis_control[0m[2m:[0m gpu-power: refresh недоступен: BackendUnavailable("org.freedesktop.DBus.Error.Failed: org.freedesktop.DBus.Error.ServiceUnknown: The name is not activatable")
[2m2026-09-22T16:15:02.857456Z[0m [33m WARN[0m [2morbis_control[0m[2m:[0m product gpu status read failed; UI keeps previous evidence: Dbus("Signature mismatch: got `(uub)`, expected `(uuuub)`")
[2m2026-09-22T16:15:07.846298Z[0m [33m WARN[0m [2morbis_control[0m[2m:[0m gpu-power: refresh недоступен: BackendUnavailable("org.freedesktop.DBus.Error.Failed: org.freedesktop.DBus.Error.ServiceUnknown: The name is not activatable")
[2m2026-09-22T16:15:07.857494Z[0m [33m WARN[0m [2morbis_control[0m[2m:[0m product gpu status read failed; UI keeps previous evidence: Dbus("Signature mismatch: got `(uub)`, expected `(uuuub)`")
[2m2026-09-22T16:15:12.846707Z[0m [33m WARN[0m [2morbis_control[0m[2m:[0m gpu-power: refresh недоступен: BackendUnavailable("org.freedesktop.DBus.Error.Failed: org.freedesktop.DBus.Error.ServiceUnknown: The name is not activatable")
[2m2026-09-22T16:15:12.858483Z[0m [33m WARN[0m [2morbis_control[0m[2m:[0m product gpu status read failed; UI keeps previous evidence: Dbus("Signature mismatch: got `(uub)`, expected `(uuuub)`")
[2m2026-09-22T16:15:17.847667Z[0m [33m WARN[0m [2morbis_control[0m[2m:[0m gpu-power: refresh недоступен: BackendUnavailable("org.freedesktop.DBus.Error.Failed: org.freedesktop.DBus.Error.ServiceUnknown: The name is not activatable")
[2m2026-09-22T16:15:17.859536Z[0m [33m WARN[0m [2morbis_control[0m[2m:[0m product gpu status read failed; UI keeps previous evidence: Dbus("Signature mismatch: got `(uub)`, expected `(uuuub)`")
[2m2026-09-22T16:15:22.847555Z[0m [33m WARN[0m [2morbis_control[0m[2m:[0m gpu-power: refresh недоступен: BackendUnavailable("org.freedesktop.DBus.Error.Failed: org.freedesktop.DBus.Error.ServiceUnknown: The name is not activatable")
[2m2026-09-22T16:15:22.902213Z[0m [33m WARN[0m [2morbis_control[0m[2m:[0m product gpu status read failed; UI keeps previous evidence: Dbus("Signature mismatch: got `(uub)`, expected `(uuuub)`")
[2m2026-09-22T16:15:27.846577Z[0m [33m WARN[0m [2morbis_control[0m[2m:[0m gpu-power: refresh недоступен: BackendUnavailable("org.freedesktop.DBus.Error.Failed: org.freedesktop.DBus.Error.ServiceUnknown: The name is not activatable")
[2m2026-09-22T16:15:27.857778Z[0m [33m WARN[0m [2morbis_control[0m[2m:[0m product gpu status read failed; UI keeps previous evidence: Dbus("Signature mismatch: got `(uub)`, expected `(uuuub)`")
[2m2026-09-22T16:15:32.847497Z[0m [33m WARN[0m [2morbis_control[0m[2m:[0m gpu-power: refresh недоступен: BackendUnavailable("org.freedesktop.DBus.Error.Failed: org.freedesktop.DBus.Error.ServiceUnknown: The name is not activatable")
[2m2026-09-22T16:15:32.858238Z[0m [33m WARN[0m [2morbis_control[0m[2m:[0m product gpu status read failed; UI keeps previous evidence: Dbus("Signature mismatch: got `(uub)`, expected `(uuuub)`")
[2m2026-09-22T16:15:37.846816Z[0m [33m WARN[0m [2morbis_control[0m[2m:[0m gpu-power: refresh недоступен: BackendUnavailable("org.freedesktop.DBus.Error.Failed: org.freedesktop.DBus.Error.ServiceUnknown: The name is not activatable")
[2m2026-09-22T16:15:37.858539Z[0m [33m WARN[0m [2morbis_control[0m[2m:[0m product gpu status read failed; UI keeps previous evidence: Dbus("Signature mismatch: got `(uub)`, expected `(uuuub)`")
[2m2026-09-22T16:15:42.845988Z[0m [33m WARN[0m [2morbis_control[0m[2m:[0m gpu-power: refresh недоступен: BackendUnavailable("org.freedesktop.DBus.Error.Failed: org.freedesktop.DBus.Error.ServiceUnknown: The name is not activatable")
[2m2026-09-22T16:15:42.853527Z[0m [33m WARN[0m [2morbis_control[0m[2m:[0m product gpu status read failed; UI keeps previous evidence: Dbus("Signature mismatch: got `(uub)`, expected `(uuuub)`")
[2m2026-09-22T16:15:47.846453Z[0m [33m WARN[0m [2morbis_control[0m[2m:[0m gpu-power: refresh недоступен: BackendUnavailable("org.freedesktop.DBus.Error.Failed: org.freedesktop.DBus.Error.ServiceUnknown: The name is not activatable")
[2m2026-09-22T16:15:47.857815Z[0m [33m WARN[0m [2morbis_control[0m[2m:[0m product gpu status read failed; UI keeps previous evidence: Dbus("Signature mismatch: got `(uub)`, expected `(uuuub)`")
[2m2026-09-22T16:15:52.847470Z[0m [33m WARN[0m [2morbis_control[0m[2m:[0m gpu-power: refresh недоступен: BackendUnavailable("org.freedesktop.DBus.Error.Failed: org.freedesktop.DBus.Error.ServiceUnknown: The name is not activatable")
[2m2026-09-22T16:15:52.882832Z[0m [33m WARN[0m [2morbis_control[0m[2m:[0m product gpu status read failed; UI keeps previous evidence: Dbus("Signature mismatch: got `(uub)`, expected `(uuuub)`")
[2m2026-09-22T16:15:57.844585Z[0m [33m WARN[0m [2morbis_control[0m[2m:[0m gpu-power: refresh недоступен: BackendUnavailable("org.freedesktop.DBus.Error.Failed: org.freedesktop.DBus.Error.ServiceUnknown: The name is not activatable")
[2m2026-09-22T16:15:57.852309Z[0m [33m WARN[0m [2morbis_control[0m[2m:[0m product gpu status read failed; UI keeps previous evidence: Dbus("Signature mismatch: got `(uub)`, expected `(uuuub)`")
[2m2026-09-22T16:16:02.847632Z[0m [33m WARN[0m [2morbis_control[0m[2m:[0m gpu-power: refresh недоступен: BackendUnavailable("org.freedesktop.DBus.Error.Failed: org.freedesktop.DBus.Error.ServiceUnknown: The name is not activatable")
[2m2026-09-22T16:16:02.857946Z[0m [33m WARN[0m [2morbis_control[0m[2m:[0m product gpu status read failed; UI keeps previous evidence: Dbus("Signature mismatch: got `(uub)`, expected `(uuuub)`")
[2m2026-09-22T16:16:07.846135Z[0m [33m WARN[0m [2morbis_control[0m[2m:[0m gpu-power: refresh недоступен: BackendUnavailable("org.freedesktop.DBus.Error.Failed: org.freedesktop.DBus.Error.ServiceUnknown: The name is not activatable")
[2m2026-09-22T16:16:07.857535Z[0m [33m WARN[0m [2morbis_control[0m[2m:[0m product gpu status read failed; UI keeps previous evidence: Dbus("Signature mismatch: got `(uub)`, expected `(uuuub)`")
[2m2026-09-22T16:16:12.846913Z[0m [33m WARN[0m [2morbis_control[0m[2m:[0m gpu-power: refresh недоступен: BackendUnavailable("org.freedesktop.DBus.Error.Failed: org.freedesktop.DBus.Error.ServiceUnknown: The name is not activatable")
[2m2026-09-22T16:16:12.858038Z[0m [33m WARN[0m [2morbis_control[0m[2m:[0m product gpu status read failed; UI keeps previous evidence: Dbus("Signature mismatch: got `(uub)`, expected `(uuuub)`")
[2m2026-09-22T16:16:17.844034Z[0m [33m WARN[0m [2morbis_control[0m[2m:[0m gpu-power: refresh недоступен: BackendUnavailable("org.freedesktop.DBus.Error.Failed: org.freedesktop.DBus.Error.ServiceUnknown: The name is not activatable")
[2m2026-09-22T16:16:17.852697Z[0m [33m WARN[0m [2morbis_control[0m[2m:[0m product gpu status read failed; UI keeps previous evidence: Dbus("Signature mismatch: got `(uub)`, expected `(uuuub)`")
[2m2026-09-22T16:16:22.845965Z[0m [33m WARN[0m [2morbis_control[0m[2m:[0m gpu-power: refresh недоступен: BackendUnavailable("org.freedesktop.DBus.Error.Failed: org.freedesktop.DBus.Error.ServiceUnknown: The name is not activatable")
[2m2026-09-22T16:16:22.901116Z[0m [33m WARN[0m [2morbis_control[0m[2m:[0m product gpu status read failed; UI keeps previous evidence: Dbus("Signature mismatch: got `(uub)`, expected `(uuuub)`")
[2m2026-09-22T16:16:27.847343Z[0m [33m WARN[0m [2morbis_control[0m[2m:[0m gpu-power: refresh недоступен: BackendUnavailable("org.freedesktop.DBus.Error.Failed: org.freedesktop.DBus.Error.ServiceUnknown: The name is not activatable")
[2m2026-09-22T16:16:27.858319Z[0m [33m WARN[0m [2morbis_control[0m[2m:[0m product gpu status read failed; UI keeps previous evidence: Dbus("Signature mismatch: got `(uub)`, expected `(uuuub)`")
[2m2026-09-22T16:16:32.847479Z[0m [33m WARN[0m [2morbis_control[0m[2m:[0m gpu-power: refresh недоступен: BackendUnavailable("org.freedesktop.DBus.Error.Failed: org.freedesktop.DBus.Error.ServiceUnknown: The name is not activatable")
[2m2026-09-22T16:16:32.858372Z[0m [33m WARN[0m [2morbis_control[0m[2m:[0m product gpu status read failed; UI keeps previous evidence: Dbus("Signature mismatch: got `(uub)`, expected `(uuuub)`")
[2m2026-09-22T16:16:37.846593Z[0m [33m WARN[0m [2morbis_control[0m[2m:[0m gpu-power: refresh недоступен: BackendUnavailable("org.freedesktop.DBus.Error.Failed: org.freedesktop.DBus.Error.ServiceUnknown: The name is not activatable")
[2m2026-09-22T16:16:37.857999Z[0m [33m WARN[0m [2morbis_control[0m[2m:[0m product gpu status read failed; UI keeps previous evidence: Dbus("Signature mismatch: got `(uub)`, expected `(uuuub)`")
[2m2026-09-22T16:16:42.844365Z[0m [33m WARN[0m [2morbis_control[0m[2m:[0m gpu-power: refresh недоступен: BackendUnavailable("org.freedesktop.DBus.Error.Failed: org.freedesktop.DBus.Error.ServiceUnknown: The name is not activatable")
[2m2026-09-22T16:16:42.853770Z[0m [33m WARN[0m [2morbis_control[0m[2m:[0m product gpu status read failed; UI keeps previous evidence: Dbus("Signature mismatch: got `(uub)`, expected `(uuuub)`")
[2m2026-09-22T16:16:47.846295Z[0m [33m WARN[0m [2morbis_control[0m[2m:[0m gpu-power: refresh недоступен: BackendUnavailable("org.freedesktop.DBus.Error.Failed: org.freedesktop.DBus.Error.ServiceUnknown: The name is not activatable")
[2m2026-09-22T16:16:47.857815Z[0m [33m WARN[0m [2morbis_control[0m[2m:[0m product gpu status read failed; UI keeps previous evidence: Dbus("Signature mismatch: got `(uub)`, expected `(uuuub)`")
[2m2026-09-22T16:16:52.848603Z[0m [33m WARN[0m [2morbis_control[0m[2m:[0m gpu-power: refresh недоступен: BackendUnavailable("org.freedesktop.DBus.Error.Failed: org.freedesktop.DBus.Error.ServiceUnknown: The name is not activatable")
[2m2026-09-22T16:16:52.882207Z[0m [33m WARN[0m [2morbis_control[0m[2m:[0m product gpu status read failed; UI keeps previous evidence: Dbus("Signature mismatch: got `(uub)`, expected `(uuuub)`")
[2m2026-09-22T16:16:57.846491Z[0m [33m WARN[0m [2morbis_control[0m[2m:[0m gpu-power: refresh недоступен: BackendUnavailable("org.freedesktop.DBus.Error.Failed: org.freedesktop.DBus.Error.ServiceUnknown: The name is not activatable")
[2m2026-09-22T16:16:57.857188Z[0m [33m WARN[0m [2morbis_control[0m[2m:[0m product gpu status read failed; UI keeps previous evidence: Dbus("Signature mismatch: got `(uub)`, expected `(uuuub)`")
[2m2026-09-22T16:17:02.846693Z[0m [33m WARN[0m [2morbis_control[0m[2m:[0m gpu-power: refresh недоступен: BackendUnavailable("org.freedesktop.DBus.Error.Failed: org.freedesktop.DBus.Error.ServiceUnknown: The name is not activatable")
[2m2026-09-22T16:17:02.858145Z[0m [33m WARN[0m [2morbis_control[0m[2m:[0m product gpu status read failed; UI keeps previous evidence: Dbus("Signature mismatch: got `(uub)`, expected `(uuuub)`")
[2m2026-09-22T16:17:07.847534Z[0m [33m WARN[0m [2morbis_control[0m[2m:[0m gpu-power: refresh недоступен: BackendUnavailable("org.freedesktop.DBus.Error.Failed: org.freedesktop.DBus.Error.ServiceUnknown: The name is not activatable")
[2m2026-09-22T16:17:07.858109Z[0m [33m WARN[0m [2morbis_control[0m[2m:[0m product gpu status read failed; UI keeps previous evidence: Dbus("Signature mismatch: got `(uub)`, expected `(uuuub)`")
[2m2026-09-22T16:17:12.847557Z[0m [33m WARN[0m [2morbis_control[0m[2m:[0m gpu-power: refresh недоступен: BackendUnavailable("org.freedesktop.DBus.Error.Failed: org.freedesktop.DBus.Error.ServiceUnknown: The name is not activatable")
[2m2026-09-22T16:17:12.858198Z[0m [33m WARN[0m [2morbis_control[0m[2m:[0m product gpu status read failed; UI keeps previous evidence: Dbus("Signature mismatch: got `(uub)`, expected `(uuuub)`")
[2m2026-09-22T16:17:17.845271Z[0m [33m WARN[0m [2morbis_control[0m[2m:[0m gpu-power: refresh недоступен: BackendUnavailable("org.freedesktop.DBus.Error.Failed: org.freedesktop.DBus.Error.ServiceUnknown: The name is not activatable")
[2m2026-09-22T16:17:17.854735Z[0m [33m WARN[0m [2morbis_control[0m[2m:[0m product gpu status read failed; UI keeps previous evidence: Dbus("Signature mismatch: got `(uub)`, expected `(uuuub)`")
[2m2026-09-22T16:17:22.847214Z[0m [33m WARN[0m [2morbis_control[0m[2m:[0m gpu-power: refresh недоступен: BackendUnavailable("org.freedesktop.DBus.Error.Failed: org.freedesktop.DBus.Error.ServiceUnknown: The name is not activatable")
[2m2026-09-22T16:17:22.880070Z[0m [33m WARN[0m [2morbis_control[0m[2m:[0m product gpu status read failed; UI keeps previous evidence: Dbus("Signature mismatch: got `(uub)`, expected `(uuuub)`")
[2m2026-09-22T16:17:27.846547Z[0m [33m WARN[0m [2morbis_control[0m[2m:[0m gpu-power: refresh недоступен: BackendUnavailable("org.freedesktop.DBus.Error.Failed: org.freedesktop.DBus.Error.ServiceUnknown: The name is not activatable")
[2m2026-09-22T16:17:27.857822Z[0m [33m WARN[0m [2morbis_control[0m[2m:[0m product gpu status read failed; UI keeps previous evidence: Dbus("Signature mismatch: got `(uub)`, expected `(uuuub)`")
[2m2026-09-22T16:17:32.846290Z[0m [33m WARN[0m [2morbis_control[0m[2m:[0m gpu-power: refresh недоступен: BackendUnavailable("org.freedesktop.DBus.Error.Failed: org.freedesktop.DBus.Error.ServiceUnknown: The name is not activatable")
[2m2026-09-22T16:17:32.856891Z[0m [33m WARN[0m [2morbis_control[0m[2m:[0m product gpu status read failed; UI keeps previous evidence: Dbus("Signature mismatch: got `(uub)`, expected `(uuuub)`")
[2m2026-09-22T16:17:37.846399Z[0m [33m WARN[0m [2morbis_control[0m[2m:[0m gpu-power: refresh недоступен: BackendUnavailable("org.freedesktop.DBus.Error.Failed: org.freedesktop.DBus.Error.ServiceUnknown: The name is not activatable")
[2m2026-09-22T16:17:37.858637Z[0m [33m WARN[0m [2morbis_control[0m[2m:[0m product gpu status read failed; UI keeps previous evidence: Dbus("Signature mismatch: got `(uub)`, expected `(uuuub)`")
[2m2026-09-22T16:17:42.847560Z[0m [33m WARN[0m [2morbis_control[0m[2m:[0m gpu-power: refresh недоступен: BackendUnavailable("org.freedesktop.DBus.Error.Failed: org.freedesktop.DBus.Error.ServiceUnknown: The name is not activatable")
[2m2026-09-22T16:17:42.858351Z[0m [33m WARN[0m [2morbis_control[0m[2m:[0m product gpu status read failed; UI keeps previous evidence: Dbus("Signature mismatch: got `(uub)`, expected `(uuuub)`")
[2m2026-09-22T16:17:47.846250Z[0m [33m WARN[0m [2morbis_control[0m[2m:[0m gpu-power: refresh недоступен: BackendUnavailable("org.freedesktop.DBus.Error.Failed: org.freedesktop.DBus.Error.ServiceUnknown: The name is not activatable")
[2m2026-09-22T16:17:47.856700Z[0m [33m WARN[0m [2morbis_control[0m[2m:[0m product gpu status read failed; UI keeps previous evidence: Dbus("Signature mismatch: got `(uub)`, expected `(uuuub)`")
[2m2026-09-22T16:17:52.846356Z[0m [33m WARN[0m [2morbis_control[0m[2m:[0m gpu-power: refresh недоступен: BackendUnavailable("org.freedesktop.DBus.Error.Failed: org.freedesktop.DBus.Error.ServiceUnknown: The name is not activatable")
[2m2026-09-22T16:17:52.901956Z[0m [33m WARN[0m [2morbis_control[0m[2m:[0m product gpu status read failed; UI keeps previous evidence: Dbus("Signature mismatch: got `(uub)`, expected `(uuuub)`")
[2m2026-09-22T16:17:57.844670Z[0m [33m WARN[0m [2morbis_control[0m[2m:[0m gpu-power: refresh недоступен: BackendUnavailable("org.freedesktop.DBus.Error.Failed: org.freedesktop.DBus.Error.ServiceUnknown: The name is not activatable")
[2m2026-09-22T16:17:57.854244Z[0m [33m WARN[0m [2morbis_control[0m[2m:[0m product gpu status read failed; UI keeps previous evidence: Dbus("Signature mismatch: got `(uub)`, expected `(uuuub)`")
[2m2026-09-22T16:18:02.845201Z[0m [33m WARN[0m [2morbis_control[0m[2m:[0m gpu-power: refresh недоступен: BackendUnavailable("org.freedesktop.DBus.Error.Failed: org.freedesktop.DBus.Error.ServiceUnknown: The name is not activatable")
[2m2026-09-22T16:18:02.854619Z[0m [33m WARN[0m [2morbis_control[0m[2m:[0m product gpu status read failed; UI keeps previous evidence: Dbus("Signature mismatch: got `(uub)`, expected `(uuuub)`")
[2m2026-09-22T16:18:07.844852Z[0m [33m WARN[0m [2morbis_control[0m[2m:[0m gpu-power: refresh недоступен: BackendUnavailable("org.freedesktop.DBus.Error.Failed: org.freedesktop.DBus.Error.ServiceUnknown: The name is not activatable")
[2m2026-09-22T16:18:07.853194Z[0m [33m WARN[0m [2morbis_control[0m[2m:[0m product gpu status read failed; UI keeps previous evidence: Dbus("Signature mismatch: got `(uub)`, expected `(uuuub)`")
[2m2026-09-22T16:18:12.844758Z[0m [33m WARN[0m [2morbis_control[0m[2m:[0m gpu-power: refresh недоступен: BackendUnavailable("org.freedesktop.DBus.Error.Failed: org.freedesktop.DBus.Error.ServiceUnknown: The name is not activatable")
[2m2026-09-22T16:18:12.853719Z[0m [33m WARN[0m [2morbis_control[0m[2m:[0m product gpu status read failed; UI keeps previous evidence: Dbus("Signature mismatch: got `(uub)`, expected `(uuuub)`")
[2m2026-09-22T16:18:17.845770Z[0m [33m WARN[0m [2morbis_control[0m[2m:[0m gpu-power: refresh недоступен: BackendUnavailable("org.freedesktop.DBus.Error.Failed: org.freedesktop.DBus.Error.ServiceUnknown: The name is not activatable")
[2m2026-09-22T16:18:17.854132Z[0m [33m WARN[0m [2morbis_control[0m[2m:[0m product gpu status read failed; UI keeps previous evidence: Dbus("Signature mismatch: got `(uub)`, expected `(uuuub)`")
[2m2026-09-22T16:18:22.846397Z[0m [33m WARN[0m [2morbis_control[0m[2m:[0m gpu-power: refresh недоступен: BackendUnavailable("org.freedesktop.DBus.Error.Failed: org.freedesktop.DBus.Error.ServiceUnknown: The name is not activatable")
[2m2026-09-22T16:18:22.881359Z[0m [33m WARN[0m [2morbis_control[0m[2m:[0m product gpu status read failed; UI keeps previous evidence: Dbus("Signature mismatch: got `(uub)`, expected `(uuuub)`")
[2m2026-09-22T16:18:27.847451Z[0m [33m WARN[0m [2morbis_control[0m[2m:[0m gpu-power: refresh недоступен: BackendUnavailable("org.freedesktop.DBus.Error.Failed: org.freedesktop.DBus.Error.ServiceUnknown: The name is not activatable")
[2m2026-09-22T16:18:27.858460Z[0m [33m WARN[0m [2morbis_control[0m[2m:[0m product gpu status read failed; UI keeps previous evidence: Dbus("Signature mismatch: got `(uub)`, expected `(uuuub)`")
[2m2026-09-22T16:18:32.844725Z[0m [33m WARN[0m [2morbis_control[0m[2m:[0m gpu-power: refresh недоступен: BackendUnavailable("org.freedesktop.DBus.Error.Failed: org.freedesktop.DBus.Error.ServiceUnknown: The name is not activatable")
[2m2026-09-22T16:18:32.851991Z[0m [33m WARN[0m [2morbis_control[0m[2m:[0m product gpu status read failed; UI keeps previous evidence: Dbus("Signature mismatch: got `(uub)`, expected `(uuuub)`")
[2m2026-09-22T16:18:37.845704Z[0m [33m WARN[0m [2morbis_control[0m[2m:[0m gpu-power: refresh недоступен: BackendUnavailable("org.freedesktop.DBus.Error.Failed: org.freedesktop.DBus.Error.ServiceUnknown: The name is not activatable")
[2m2026-09-22T16:18:37.854337Z[0m [33m WARN[0m [2morbis_control[0m[2m:[0m product gpu status read failed; UI keeps previous evidence: Dbus("Signature mismatch: got `(uub)`, expected `(uuuub)`")
[2m2026-09-22T16:18:42.845725Z[0m [33m WARN[0m [2morbis_control[0m[2m:[0m gpu-power: refresh недоступен: BackendUnavailable("org.freedesktop.DBus.Error.Failed: org.freedesktop.DBus.Error.ServiceUnknown: The name is not activatable")
[2m2026-09-22T16:18:42.855170Z[0m [33m WARN[0m [2morbis_control[0m[2m:[0m product gpu status read failed; UI keeps previous evidence: Dbus("Signature mismatch: got `(uub)`, expected `(uuuub)`")
[2m2026-09-22T16:18:47.847436Z[0m [33m WARN[0m [2morbis_control[0m[2m:[0m gpu-power: refresh недоступен: BackendUnavailable("org.freedesktop.DBus.Error.Failed: org.freedesktop.DBus.Error.ServiceUnknown: The name is not activatable")
[2m2026-09-22T16:18:47.858848Z[0m [33m WARN[0m [2morbis_control[0m[2m:[0m product gpu status read failed; UI keeps previous evidence: Dbus("Signature mismatch: got `(uub)`, expected `(uuuub)`")
[2m2026-09-22T16:18:52.848750Z[0m [33m WARN[0m [2morbis_control[0m[2m:[0m gpu-power: refresh недоступен: BackendUnavailable("org.freedesktop.DBus.Error.Failed: org.freedesktop.DBus.Error.ServiceUnknown: The name is not activatable")
[2m2026-09-22T16:18:52.880729Z[0m [33m WARN[0m [2morbis_control[0m[2m:[0m product gpu status read failed; UI keeps previous evidence: Dbus("Signature mismatch: got `(uub)`, expected `(uuuub)`")
[2m2026-09-22T16:18:57.847864Z[0m [33m WARN[0m [2morbis_control[0m[2m:[0m gpu-power: refresh недоступен: BackendUnavailable("org.freedesktop.DBus.Error.Failed: org.freedesktop.DBus.Error.ServiceUnknown: The name is not activatable")
[2m2026-09-22T16:18:57.859162Z[0m [33m WARN[0m [2morbis_control[0m[2m:[0m product gpu status read failed; UI keeps previous evidence: Dbus("Signature mismatch: got `(uub)`, expected `(uuuub)`")
[2m2026-09-22T16:19:02.845090Z[0m [33m WARN[0m [2morbis_control[0m[2m:[0m gpu-power: refresh недоступен: BackendUnavailable("org.freedesktop.DBus.Error.Failed: org.freedesktop.DBus.Error.ServiceUnknown: The name is not activatable")
[2m2026-09-22T16:19:02.853228Z[0m [33m WARN[0m [2morbis_control[0m[2m:[0m product gpu status read failed; UI keeps previous evidence: Dbus("Signature mismatch: got `(uub)`, expected `(uuuub)`")
[2m2026-09-22T16:19:07.846590Z[0m [33m WARN[0m [2morbis_control[0m[2m:[0m gpu-power: refresh недоступен: BackendUnavailable("org.freedesktop.DBus.Error.Failed: org.freedesktop.DBus.Error.ServiceUnknown: The name is not activatable")
[2m2026-09-22T16:19:07.857737Z[0m [33m WARN[0m [2morbis_control[0m[2m:[0m product gpu status read failed; UI keeps previous evidence: Dbus("Signature mismatch: got `(uub)`, expected `(uuuub)`")
[2m2026-09-22T16:19:12.846635Z[0m [33m WARN[0m [2morbis_control[0m[2m:[0m gpu-power: refresh недоступен: BackendUnavailable("org.freedesktop.DBus.Error.Failed: org.freedesktop.DBus.Error.ServiceUnknown: The name is not activatable")
[2m2026-09-22T16:19:12.857290Z[0m [33m WARN[0m [2morbis_control[0m[2m:[0m product gpu status read failed; UI keeps previous evidence: Dbus("Signature mismatch: got `(uub)`, expected `(uuuub)`")
[2m2026-09-22T16:19:17.846303Z[0m [33m WARN[0m [2morbis_control[0m[2m:[0m gpu-power: refresh недоступен: BackendUnavailable("org.freedesktop.DBus.Error.Failed: org.freedesktop.DBus.Error.ServiceUnknown: The name is not activatable")
[2m2026-09-22T16:19:17.857403Z[0m [33m WARN[0m [2morbis_control[0m[2m:[0m product gpu status read failed; UI keeps previous evidence: Dbus("Signature mismatch: got `(uub)`, expected `(uuuub)`")
[2m2026-09-22T16:19:22.847656Z[0m [33m WARN[0m [2morbis_control[0m[2m:[0m gpu-power: refresh недоступен: BackendUnavailable("org.freedesktop.DBus.Error.Failed: org.freedesktop.DBus.Error.ServiceUnknown: The name is not activatable")
[2m2026-09-22T16:19:22.903656Z[0m [33m WARN[0m [2morbis_control[0m[2m:[0m product gpu status read failed; UI keeps previous evidence: Dbus("Signature mismatch: got `(uub)`, expected `(uuuub)`")
[2m2026-09-22T16:19:27.847234Z[0m [33m WARN[0m [2morbis_control[0m[2m:[0m gpu-power: refresh недоступен: BackendUnavailable("org.freedesktop.DBus.Error.Failed: org.freedesktop.DBus.Error.ServiceUnknown: The name is not activatable")
[2m2026-09-22T16:19:27.858232Z[0m [33m WARN[0m [2morbis_control[0m[2m:[0m product gpu status read failed; UI keeps previous evidence: Dbus("Signature mismatch: got `(uub)`, expected `(uuuub)`")
[2m2026-09-22T16:19:32.846442Z[0m [33m WARN[0m [2morbis_control[0m[2m:[0m gpu-power: refresh недоступен: BackendUnavailable("org.freedesktop.DBus.Error.Failed: org.freedesktop.DBus.Error.ServiceUnknown: The name is not activatable")
[2m2026-09-22T16:19:32.857733Z[0m [33m WARN[0m [2morbis_control[0m[2m:[0m product gpu status read failed; UI keeps previous evidence: Dbus("Signature mismatch: got `(uub)`, expected `(uuuub)`")
[2m2026-09-22T16:19:37.847605Z[0m [33m WARN[0m [2morbis_control[0m[2m:[0m gpu-power: refresh недоступен: BackendUnavailable("org.freedesktop.DBus.Error.Failed: org.freedesktop.DBus.Error.ServiceUnknown: The name is not activatable")
[2m2026-09-22T16:19:37.858472Z[0m [33m WARN[0m [2morbis_control[0m[2m:[0m product gpu status read failed; UI keeps previous evidence: Dbus("Signature mismatch: got `(uub)`, expected `(uuuub)`")
[2m2026-09-22T16:19:42.847148Z[0m [33m WARN[0m [2morbis_control[0m[2m:[0m gpu-power: refresh недоступен: BackendUnavailable("org.freedesktop.DBus.Error.Failed: org.freedesktop.DBus.Error.ServiceUnknown: The name is not activatable")
[2m2026-09-22T16:19:42.858685Z[0m [33m WARN[0m [2morbis_control[0m[2m:[0m product gpu status read failed; UI keeps previous evidence: Dbus("Signature mismatch: got `(uub)`, expected `(uuuub)`")
[2m2026-09-22T16:19:47.847480Z[0m [33m WARN[0m [2morbis_control[0m[2m:[0m gpu-power: refresh недоступен: BackendUnavailable("org.freedesktop.DBus.Error.Failed: org.freedesktop.DBus.Error.ServiceUnknown: The name is not activatable")
[2m2026-09-22T16:19:47.858548Z[0m [33m WARN[0m [2morbis_control[0m[2m:[0m product gpu status read failed; UI keeps previous evidence: Dbus("Signature mismatch: got `(uub)`, expected `(uuuub)`")
[2m2026-09-22T16:19:52.847623Z[0m [33m WARN[0m [2morbis_control[0m[2m:[0m gpu-power: refresh недоступен: BackendUnavailable("org.freedesktop.DBus.Error.Failed: org.freedesktop.DBus.Error.ServiceUnknown: The name is not activatable")
[2m2026-09-22T16:19:52.903116Z[0m [33m WARN[0m [2morbis_control[0m[2m:[0m product gpu status read failed; UI keeps previous evidence: Dbus("Signature mismatch: got `(uub)`, expected `(uuuub)`")
[2m2026-09-22T16:19:57.847091Z[0m [33m WARN[0m [2morbis_control[0m[2m:[0m gpu-power: refresh недоступен: BackendUnavailable("org.freedesktop.DBus.Error.Failed: org.freedesktop.DBus.Error.ServiceUnknown: The name is not activatable")
[2m2026-09-22T16:19:57.858273Z[0m [33m WARN[0m [2morbis_control[0m[2m:[0m product gpu status read failed; UI keeps previous evidence: Dbus("Signature mismatch: got `(uub)`, expected `(uuuub)`")
[2m2026-09-22T16:20:02.847421Z[0m [33m WARN[0m [2morbis_control[0m[2m:[0m gpu-power: refresh недоступен: BackendUnavailable("org.freedesktop.DBus.Error.Failed: org.freedesktop.DBus.Error.ServiceUnknown: The name is not activatable")
[2m2026-09-22T16:20:02.857979Z[0m [33m WARN[0m [2morbis_control[0m[2m:[0m product gpu status read failed; UI keeps previous evidence: Dbus("Signature mismatch: got `(uub)`, expected `(uuuub)`")
[2m2026-09-22T16:20:07.846009Z[0m [33m WARN[0m [2morbis_control[0m[2m:[0m gpu-power: refresh недоступен: BackendUnavailable("org.freedesktop.DBus.Error.Failed: org.freedesktop.DBus.Error.ServiceUnknown: The name is not activatable")
[2m2026-09-22T16:20:07.857531Z[0m [33m WARN[0m [2morbis_control[0m[2m:[0m product gpu status read failed; UI keeps previous evidence: Dbus("Signature mismatch: got `(uub)`, expected `(uuuub)`")
[2m2026-09-22T16:20:12.849083Z[0m [33m WARN[0m [2morbis_control[0m[2m:[0m gpu-power: refresh недоступен: BackendUnavailable("org.freedesktop.DBus.Error.Failed: org.freedesktop.DBus.Error.ServiceUnknown: The name is not activatable")
[2m2026-09-22T16:20:12.860452Z[0m [33m WARN[0m [2morbis_control[0m[2m:[0m product gpu status read failed; UI keeps previous evidence: Dbus("Signature mismatch: got `(uub)`, expected `(uuuub)`")
[2m2026-09-22T16:20:17.846378Z[0m [33m WARN[0m [2morbis_control[0m[2m:[0m gpu-power: refresh недоступен: BackendUnavailable("org.freedesktop.DBus.Error.Failed: org.freedesktop.DBus.Error.ServiceUnknown: The name is not activatable")
[2m2026-09-22T16:20:17.857756Z[0m [33m WARN[0m [2morbis_control[0m[2m:[0m product gpu status read failed; UI keeps previous evidence: Dbus("Signature mismatch: got `(uub)`, expected `(uuuub)`")
[2m2026-09-22T16:20:22.846428Z[0m [33m WARN[0m [2morbis_control[0m[2m:[0m gpu-power: refresh недоступен: BackendUnavailable("org.freedesktop.DBus.Error.Failed: org.freedesktop.DBus.Error.ServiceUnknown: The name is not activatable")
[2m2026-09-22T16:20:22.879240Z[0m [33m WARN[0m [2morbis_control[0m[2m:[0m product gpu status read failed; UI keeps previous evidence: Dbus("Signature mismatch: got `(uub)`, expected `(uuuub)`")
[2m2026-09-22T16:20:27.847042Z[0m [33m WARN[0m [2morbis_control[0m[2m:[0m gpu-power: refresh недоступен: BackendUnavailable("org.freedesktop.DBus.Error.Failed: org.freedesktop.DBus.Error.ServiceUnknown: The name is not activatable")
[2m2026-09-22T16:20:27.858994Z[0m [33m WARN[0m [2morbis_control[0m[2m:[0m product gpu status read failed; UI keeps previous evidence: Dbus("Signature mismatch: got `(uub)`, expected `(uuuub)`")
[2m2026-09-22T16:20:32.848859Z[0m [33m WARN[0m [2morbis_control[0m[2m:[0m gpu-power: refresh недоступен: BackendUnavailable("org.freedesktop.DBus.Error.Failed: org.freedesktop.DBus.Error.ServiceUnknown: The name is not activatable")
[2m2026-09-22T16:20:32.860251Z[0m [33m WARN[0m [2morbis_control[0m[2m:[0m product gpu status read failed; UI keeps previous evidence: Dbus("Signature mismatch: got `(uub)`, expected `(uuuub)`")
[2m2026-09-22T16:20:37.846501Z[0m [33m WARN[0m [2morbis_control[0m[2m:[0m gpu-power: refresh недоступен: BackendUnavailable("org.freedesktop.DBus.Error.Failed: org.freedesktop.DBus.Error.ServiceUnknown: The name is not activatable")
[2m2026-09-22T16:20:37.857865Z[0m [33m WARN[0m [2morbis_control[0m[2m:[0m product gpu status read failed; UI keeps previous evidence: Dbus("Signature mismatch: got `(uub)`, expected `(uuuub)`")
[2m2026-09-22T16:20:42.846869Z[0m [33m WARN[0m [2morbis_control[0m[2m:[0m gpu-power: refresh недоступен: BackendUnavailable("org.freedesktop.DBus.Error.Failed: org.freedesktop.DBus.Error.ServiceUnknown: The name is not activatable")
[2m2026-09-22T16:20:42.858801Z[0m [33m WARN[0m [2morbis_control[0m[2m:[0m product gpu status read failed; UI keeps previous evidence: Dbus("Signature mismatch: got `(uub)`, expected `(uuuub)`")
[2m2026-09-22T16:20:47.847420Z[0m [33m WARN[0m [2morbis_control[0m[2m:[0m gpu-power: refresh недоступен: BackendUnavailable("org.freedesktop.DBus.Error.Failed: org.freedesktop.DBus.Error.ServiceUnknown: The name is not activatable")
[2m2026-09-22T16:20:47.857960Z[0m [33m WARN[0m [2morbis_control[0m[2m:[0m product gpu status read failed; UI keeps previous evidence: Dbus("Signature mismatch: got `(uub)`, expected `(uuuub)`")
[2m2026-09-22T16:20:52.847494Z[0m [33m WARN[0m [2morbis_control[0m[2m:[0m gpu-power: refresh недоступен: BackendUnavailable("org.freedesktop.DBus.Error.Failed: org.freedesktop.DBus.Error.ServiceUnknown: The name is not activatable")
[2m2026-09-22T16:20:52.880026Z[0m [33m WARN[0m [2morbis_control[0m[2m:[0m product gpu status read failed; UI keeps previous evidence: Dbus("Signature mismatch: got `(uub)`, expected `(uuuub)`")
[2m2026-09-22T16:20:57.847525Z[0m [33m WARN[0m [2morbis_control[0m[2m:[0m gpu-power: refresh недоступен: BackendUnavailable("org.freedesktop.DBus.Error.Failed: org.freedesktop.DBus.Error.ServiceUnknown: The name is not activatable")
[2m2026-09-22T16:20:57.859171Z[0m [33m WARN[0m [2morbis_control[0m[2m:[0m product gpu status read failed; UI keeps previous evidence: Dbus("Signature mismatch: got `(uub)`, expected `(uuuub)`")
[2m2026-09-22T16:21:02.847658Z[0m [33m WARN[0m [2morbis_control[0m[2m:[0m gpu-power: refresh недоступен: BackendUnavailable("org.freedesktop.DBus.Error.Failed: org.freedesktop.DBus.Error.ServiceUnknown: The name is not activatable")
[2m2026-09-22T16:21:02.859154Z[0m [33m WARN[0m [2morbis_control[0m[2m:[0m product gpu status read failed; UI keeps previous evidence: Dbus("Signature mismatch: got `(uub)`, expected `(uuuub)`")
[2m2026-09-22T16:21:07.847532Z[0m [33m WARN[0m [2morbis_control[0m[2m:[0m gpu-power: refresh недоступен: BackendUnavailable("org.freedesktop.DBus.Error.Failed: org.freedesktop.DBus.Error.ServiceUnknown: The name is not activatable")
[2m2026-09-22T16:21:07.858348Z[0m [33m WARN[0m [2morbis_control[0m[2m:[0m product gpu status read failed; UI keeps previous evidence: Dbus("Signature mismatch: got `(uub)`, expected `(uuuub)`")
[2m2026-09-22T16:21:12.846541Z[0m [33m WARN[0m [2morbis_control[0m[2m:[0m gpu-power: refresh недоступен: BackendUnavailable("org.freedesktop.DBus.Error.Failed: org.freedesktop.DBus.Error.ServiceUnknown: The name is not activatable")
[2m2026-09-22T16:21:12.857834Z[0m [33m WARN[0m [2morbis_control[0m[2m:[0m product gpu status read failed; UI keeps previous evidence: Dbus("Signature mismatch: got `(uub)`, expected `(uuuub)`")
[2m2026-09-22T16:21:17.848714Z[0m [33m WARN[0m [2morbis_control[0m[2m:[0m gpu-power: refresh недоступен: BackendUnavailable("org.freedesktop.DBus.Error.Failed: org.freedesktop.DBus.Error.ServiceUnknown: The name is not activatable")
[2m2026-09-22T16:21:17.860064Z[0m [33m WARN[0m [2morbis_control[0m[2m:[0m product gpu status read failed; UI keeps previous evidence: Dbus("Signature mismatch: got `(uub)`, expected `(uuuub)`")
[2m2026-09-22T16:21:22.847883Z[0m [33m WARN[0m [2morbis_control[0m[2m:[0m gpu-power: refresh недоступен: BackendUnavailable("org.freedesktop.DBus.Error.Failed: org.freedesktop.DBus.Error.ServiceUnknown: The name is not activatable")
[2m2026-09-22T16:21:22.902276Z[0m [33m WARN[0m [2morbis_control[0m[2m:[0m product gpu status read failed; UI keeps previous evidence: Dbus("Signature mismatch: got `(uub)`, expected `(uuuub)`")
[2m2026-09-22T16:21:27.847082Z[0m [33m WARN[0m [2morbis_control[0m[2m:[0m gpu-power: refresh недоступен: BackendUnavailable("org.freedesktop.DBus.Error.Failed: org.freedesktop.DBus.Error.ServiceUnknown: The name is not activatable")
[2m2026-09-22T16:21:27.858387Z[0m [33m WARN[0m [2morbis_control[0m[2m:[0m product gpu status read failed; UI keeps previous evidence: Dbus("Signature mismatch: got `(uub)`, expected `(uuuub)`")
[2m2026-09-22T16:21:32.846685Z[0m [33m WARN[0m [2morbis_control[0m[2m:[0m gpu-power: refresh недоступен: BackendUnavailable("org.freedesktop.DBus.Error.Failed: org.freedesktop.DBus.Error.ServiceUnknown: The name is not activatable")
[2m2026-09-22T16:21:32.858045Z[0m [33m WARN[0m [2morbis_control[0m[2m:[0m product gpu status read failed; UI keeps previous evidence: Dbus("Signature mismatch: got `(uub)`, expected `(uuuub)`")
[2m2026-09-22T16:21:37.846073Z[0m [33m WARN[0m [2morbis_control[0m[2m:[0m gpu-power: refresh недоступен: BackendUnavailable("org.freedesktop.DBus.Error.Failed: org.freedesktop.DBus.Error.ServiceUnknown: The name is not activatable")
[2m2026-09-22T16:21:37.858355Z[0m [33m WARN[0m [2morbis_control[0m[2m:[0m product gpu status read failed; UI keeps previous evidence: Dbus("Signature mismatch: got `(uub)`, expected `(uuuub)`")
[2m2026-09-22T16:21:42.847087Z[0m [33m WARN[0m [2morbis_control[0m[2m:[0m gpu-power: refresh недоступен: BackendUnavailable("org.freedesktop.DBus.Error.Failed: org.freedesktop.DBus.Error.ServiceUnknown: The name is not activatable")
[2m2026-09-22T16:21:42.858201Z[0m [33m WARN[0m [2morbis_control[0m[2m:[0m product gpu status read failed; UI keeps previous evidence: Dbus("Signature mismatch: got `(uub)`, expected `(uuuub)`")
[2m2026-09-22T16:21:47.847036Z[0m [33m WARN[0m [2morbis_control[0m[2m:[0m gpu-power: refresh недоступен: BackendUnavailable("org.freedesktop.DBus.Error.Failed: org.freedesktop.DBus.Error.ServiceUnknown: The name is not activatable")
[2m2026-09-22T16:21:47.859110Z[0m [33m WARN[0m [2morbis_control[0m[2m:[0m product gpu status read failed; UI keeps previous evidence: Dbus("Signature mismatch: got `(uub)`, expected `(uuuub)`")
[2m2026-09-22T16:21:52.846397Z[0m [33m WARN[0m [2morbis_control[0m[2m:[0m gpu-power: refresh недоступен: BackendUnavailable("org.freedesktop.DBus.Error.Failed: org.freedesktop.DBus.Error.ServiceUnknown: The name is not activatable")
[2m2026-09-22T16:21:52.879826Z[0m [33m WARN[0m [2morbis_control[0m[2m:[0m product gpu status read failed; UI keeps previous evidence: Dbus("Signature mismatch: got `(uub)`, expected `(uuuub)`")
[2m2026-09-22T16:21:57.847688Z[0m [33m WARN[0m [2morbis_control[0m[2m:[0m gpu-power: refresh недоступен: BackendUnavailable("org.freedesktop.DBus.Error.Failed: org.freedesktop.DBus.Error.ServiceUnknown: The name is not activatable")
[2m2026-09-22T16:21:57.859466Z[0m [33m WARN[0m [2morbis_control[0m[2m:[0m product gpu status read failed; UI keeps previous evidence: Dbus("Signature mismatch: got `(uub)`, expected `(uuuub)`")
[2m2026-09-22T16:22:02.847142Z[0m [33m WARN[0m [2morbis_control[0m[2m:[0m gpu-power: refresh недоступен: BackendUnavailable("org.freedesktop.DBus.Error.Failed: org.freedesktop.DBus.Error.ServiceUnknown: The name is not activatable")
[2m2026-09-22T16:22:02.858621Z[0m [33m WARN[0m [2morbis_control[0m[2m:[0m product gpu status read failed; UI keeps previous evidence: Dbus("Signature mismatch: got `(uub)`, expected `(uuuub)`")
[2m2026-09-22T16:22:07.847452Z[0m [33m WARN[0m [2morbis_control[0m[2m:[0m gpu-power: refresh недоступен: BackendUnavailable("org.freedesktop.DBus.Error.Failed: org.freedesktop.DBus.Error.ServiceUnknown: The name is not activatable")
[2m2026-09-22T16:22:07.858235Z[0m [33m WARN[0m [2morbis_control[0m[2m:[0m product gpu status read failed; UI keeps previous evidence: Dbus("Signature mismatch: got `(uub)`, expected `(uuuub)`")
[2m2026-09-22T16:22:12.846927Z[0m [33m WARN[0m [2morbis_control[0m[2m:[0m gpu-power: refresh недоступен: BackendUnavailable("org.freedesktop.DBus.Error.Failed: org.freedesktop.DBus.Error.ServiceUnknown: The name is not activatable")
[2m2026-09-22T16:22:12.858238Z[0m [33m WARN[0m [2morbis_control[0m[2m:[0m product gpu status read failed; UI keeps previous evidence: Dbus("Signature mismatch: got `(uub)`, expected `(uuuub)`")
[2m2026-09-22T16:22:17.848172Z[0m [33m WARN[0m [2morbis_control[0m[2m:[0m gpu-power: refresh недоступен: BackendUnavailable("org.freedesktop.DBus.Error.Failed: org.freedesktop.DBus.Error.ServiceUnknown: The name is not activatable")
[2m2026-09-22T16:22:17.859598Z[0m [33m WARN[0m [2morbis_control[0m[2m:[0m product gpu status read failed; UI keeps previous evidence: Dbus("Signature mismatch: got `(uub)`, expected `(uuuub)`")
[2m2026-09-22T16:22:22.847268Z[0m [33m WARN[0m [2morbis_control[0m[2m:[0m gpu-power: refresh недоступен: BackendUnavailable("org.freedesktop.DBus.Error.Failed: org.freedesktop.DBus.Error.ServiceUnknown: The name is not activatable")
[2m2026-09-22T16:22:22.880735Z[0m [33m WARN[0m [2morbis_control[0m[2m:[0m product gpu status read failed; UI keeps previous evidence: Dbus("Signature mismatch: got `(uub)`, expected `(uuuub)`")
[2m2026-09-22T16:22:27.847112Z[0m [33m WARN[0m [2morbis_control[0m[2m:[0m gpu-power: refresh недоступен: BackendUnavailable("org.freedesktop.DBus.Error.Failed: org.freedesktop.DBus.Error.ServiceUnknown: The name is not activatable")
[2m2026-09-22T16:22:27.859015Z[0m [33m WARN[0m [2morbis_control[0m[2m:[0m product gpu status read failed; UI keeps previous evidence: Dbus("Signature mismatch: got `(uub)`, expected `(uuuub)`")
[2m2026-09-22T16:22:32.847881Z[0m [33m WARN[0m [2morbis_control[0m[2m:[0m gpu-power: refresh недоступен: BackendUnavailable("org.freedesktop.DBus.Error.Failed: org.freedesktop.DBus.Error.ServiceUnknown: The name is not activatable")
[2m2026-09-22T16:22:32.859820Z[0m [33m WARN[0m [2morbis_control[0m[2m:[0m product gpu status read failed; UI keeps previous evidence: Dbus("Signature mismatch: got `(uub)`, expected `(uuuub)`")
[2m2026-09-22T16:22:37.846623Z[0m [33m WARN[0m [2morbis_control[0m[2m:[0m gpu-power: refresh недоступен: BackendUnavailable("org.freedesktop.DBus.Error.Failed: org.freedesktop.DBus.Error.ServiceUnknown: The name is not activatable")
[2m2026-09-22T16:22:37.857859Z[0m [33m WARN[0m [2morbis_control[0m[2m:[0m product gpu status read failed; UI keeps previous evidence: Dbus("Signature mismatch: got `(uub)`, expected `(uuuub)`")
[2m2026-09-22T16:22:42.847124Z[0m [33m WARN[0m [2morbis_control[0m[2m:[0m gpu-power: refresh недоступен: BackendUnavailable("org.freedesktop.DBus.Error.Failed: org.freedesktop.DBus.Error.ServiceUnknown: The name is not activatable")
[2m2026-09-22T16:22:42.859179Z[0m [33m WARN[0m [2morbis_control[0m[2m:[0m product gpu status read failed; UI keeps previous evidence: Dbus("Signature mismatch: got `(uub)`, expected `(uuuub)`")
[2m2026-09-22T16:22:47.848027Z[0m [33m WARN[0m [2morbis_control[0m[2m:[0m gpu-power: refresh недоступен: BackendUnavailable("org.freedesktop.DBus.Error.Failed: org.freedesktop.DBus.Error.ServiceUnknown: The name is not activatable")
[2m2026-09-22T16:22:47.859151Z[0m [33m WARN[0m [2morbis_control[0m[2m:[0m product gpu status read failed; UI keeps previous evidence: Dbus("Signature mismatch: got `(uub)`, expected `(uuuub)`")
[2m2026-09-22T16:22:52.846985Z[0m [33m WARN[0m [2morbis_control[0m[2m:[0m gpu-power: refresh недоступен: BackendUnavailable("org.freedesktop.DBus.Error.Failed: org.freedesktop.DBus.Error.ServiceUnknown: The name is not activatable")
[2m2026-09-22T16:22:52.880379Z[0m [33m WARN[0m [2morbis_control[0m[2m:[0m product gpu status read failed; UI keeps previous evidence: Dbus("Signature mismatch: got `(uub)`, expected `(uuuub)`")
[2m2026-09-22T16:22:57.848374Z[0m [33m WARN[0m [2morbis_control[0m[2m:[0m gpu-power: refresh недоступен: BackendUnavailable("org.freedesktop.DBus.Error.Failed: org.freedesktop.DBus.Error.ServiceUnknown: The name is not activatable")
[2m2026-09-22T16:22:57.859942Z[0m [33m WARN[0m [2morbis_control[0m[2m:[0m product gpu status read failed; UI keeps previous evidence: Dbus("Signature mismatch: got `(uub)`, expected `(uuuub)`")
[2m2026-09-22T16:23:02.846994Z[0m [33m WARN[0m [2morbis_control[0m[2m:[0m gpu-power: refresh недоступен: BackendUnavailable("org.freedesktop.DBus.Error.Failed: org.freedesktop.DBus.Error.ServiceUnknown: The name is not activatable")
[2m2026-09-22T16:23:02.858449Z[0m [33m WARN[0m [2morbis_control[0m[2m:[0m product gpu status read failed; UI keeps previous evidence: Dbus("Signature mismatch: got `(uub)`, expected `(uuuub)`")
[2m2026-09-22T16:23:07.848349Z[0m [33m WARN[0m [2morbis_control[0m[2m:[0m gpu-power: refresh недоступен: BackendUnavailable("org.freedesktop.DBus.Error.Failed: org.freedesktop.DBus.Error.ServiceUnknown: The name is not activatable")
[2m2026-09-22T16:23:07.859214Z[0m [33m WARN[0m [2morbis_control[0m[2m:[0m product gpu status read failed; UI keeps previous evidence: Dbus("Signature mismatch: got `(uub)`, expected `(uuuub)`")
[2m2026-09-22T16:23:12.847064Z[0m [33m WARN[0m [2morbis_control[0m[2m:[0m gpu-power: refresh недоступен: BackendUnavailable("org.freedesktop.DBus.Error.Failed: org.freedesktop.DBus.Error.ServiceUnknown: The name is not activatable")
[2m2026-09-22T16:23:12.858324Z[0m [33m WARN[0m [2morbis_control[0m[2m:[0m product gpu status read failed; UI keeps previous evidence: Dbus("Signature mismatch: got `(uub)`, expected `(uuuub)`")
[2m2026-09-22T16:23:17.849404Z[0m [33m WARN[0m [2morbis_control[0m[2m:[0m gpu-power: refresh недоступен: BackendUnavailable("org.freedesktop.DBus.Error.Failed: org.freedesktop.DBus.Error.ServiceUnknown: The name is not activatable")
[2m2026-09-22T16:23:17.860871Z[0m [33m WARN[0m [2morbis_control[0m[2m:[0m product gpu status read failed; UI keeps previous evidence: Dbus("Signature mismatch: got `(uub)`, expected `(uuuub)`")
[2m2026-09-22T16:23:22.848273Z[0m [33m WARN[0m [2morbis_control[0m[2m:[0m gpu-power: refresh недоступен: BackendUnavailable("org.freedesktop.DBus.Error.Failed: org.freedesktop.DBus.Error.ServiceUnknown: The name is not activatable")
[2m2026-09-22T16:23:22.881068Z[0m [33m WARN[0m [2morbis_control[0m[2m:[0m product gpu status read failed; UI keeps previous evidence: Dbus("Signature mismatch: got `(uub)`, expected `(uuuub)`")
[2m2026-09-22T16:23:27.845104Z[0m [33m WARN[0m [2morbis_control[0m[2m:[0m gpu-power: refresh недоступен: BackendUnavailable("org.freedesktop.DBus.Error.Failed: org.freedesktop.DBus.Error.ServiceUnknown: The name is not activatable")
[2m2026-09-22T16:23:27.854619Z[0m [33m WARN[0m [2morbis_control[0m[2m:[0m product gpu status read failed; UI keeps previous evidence: Dbus("Signature mismatch: got `(uub)`, expected `(uuuub)`")
[2m2026-09-22T16:23:32.847082Z[0m [33m WARN[0m [2morbis_control[0m[2m:[0m gpu-power: refresh недоступен: BackendUnavailable("org.freedesktop.DBus.Error.Failed: org.freedesktop.DBus.Error.ServiceUnknown: The name is not activatable")
[2m2026-09-22T16:23:32.858716Z[0m [33m WARN[0m [2morbis_control[0m[2m:[0m product gpu status read failed; UI keeps previous evidence: Dbus("Signature mismatch: got `(uub)`, expected `(uuuub)`")
[2m2026-09-22T16:23:37.846842Z[0m [33m WARN[0m [2morbis_control[0m[2m:[0m gpu-power: refresh недоступен: BackendUnavailable("org.freedesktop.DBus.Error.Failed: org.freedesktop.DBus.Error.ServiceUnknown: The name is not activatable")
[2m2026-09-22T16:23:37.857474Z[0m [33m WARN[0m [2morbis_control[0m[2m:[0m product gpu status read failed; UI keeps previous evidence: Dbus("Signature mismatch: got `(uub)`, expected `(uuuub)`")
[2m2026-09-22T16:23:42.847055Z[0m [33m WARN[0m [2morbis_control[0m[2m:[0m gpu-power: refresh недоступен: BackendUnavailable("org.freedesktop.DBus.Error.Failed: org.freedesktop.DBus.Error.ServiceUnknown: The name is not activatable")
[2m2026-09-22T16:23:42.858048Z[0m [33m WARN[0m [2morbis_control[0m[2m:[0m product gpu status read failed; UI keeps previous evidence: Dbus("Signature mismatch: got `(uub)`, expected `(uuuub)`")
[2m2026-09-22T16:23:47.847158Z[0m [33m WARN[0m [2morbis_control[0m[2m:[0m gpu-power: refresh недоступен: BackendUnavailable("org.freedesktop.DBus.Error.Failed: org.freedesktop.DBus.Error.ServiceUnknown: The name is not activatable")
[2m2026-09-22T16:23:47.857922Z[0m [33m WARN[0m [2morbis_control[0m[2m:[0m product gpu status read failed; UI keeps previous evidence: Dbus("Signature mismatch: got `(uub)`, expected `(uuuub)`")
[2m2026-09-22T16:23:52.848582Z[0m [33m WARN[0m [2morbis_control[0m[2m:[0m gpu-power: refresh недоступен: BackendUnavailable("org.freedesktop.DBus.Error.Failed: org.freedesktop.DBus.Error.ServiceUnknown: The name is not activatable")
[2m2026-09-22T16:23:52.882016Z[0m [33m WARN[0m [2morbis_control[0m[2m:[0m product gpu status read failed; UI keeps previous evidence: Dbus("Signature mismatch: got `(uub)`, expected `(uuuub)`")
[2m2026-09-22T16:23:57.848716Z[0m [33m WARN[0m [2morbis_control[0m[2m:[0m gpu-power: refresh недоступен: BackendUnavailable("org.freedesktop.DBus.Error.Failed: org.freedesktop.DBus.Error.ServiceUnknown: The name is not activatable")
[2m2026-09-22T16:23:57.859746Z[0m [33m WARN[0m [2morbis_control[0m[2m:[0m product gpu status read failed; UI keeps previous evidence: Dbus("Signature mismatch: got `(uub)`, expected `(uuuub)`")
[2m2026-09-22T16:24:02.848089Z[0m [33m WARN[0m [2morbis_control[0m[2m:[0m gpu-power: refresh недоступен: BackendUnavailable("org.freedesktop.DBus.Error.Failed: org.freedesktop.DBus.Error.ServiceUnknown: The name is not activatable")
[2m2026-09-22T16:24:02.859071Z[0m [33m WARN[0m [2morbis_control[0m[2m:[0m product gpu status read failed; UI keeps previous evidence: Dbus("Signature mismatch: got `(uub)`, expected `(uuuub)`")
[2m2026-09-22T16:24:07.846682Z[0m [33m WARN[0m [2morbis_control[0m[2m:[0m gpu-power: refresh недоступен: BackendUnavailable("org.freedesktop.DBus.Error.Failed: org.freedesktop.DBus.Error.ServiceUnknown: The name is not activatable")
[2m2026-09-22T16:24:07.857791Z[0m [33m WARN[0m [2morbis_control[0m[2m:[0m product gpu status read failed; UI keeps previous evidence: Dbus("Signature mismatch: got `(uub)`, expected `(uuuub)`")
[2m2026-09-22T16:24:12.846534Z[0m [33m WARN[0m [2morbis_control[0m[2m:[0m gpu-power: refresh недоступен: BackendUnavailable("org.freedesktop.DBus.Error.Failed: org.freedesktop.DBus.Error.ServiceUnknown: The name is not activatable")
[2m2026-09-22T16:24:12.858029Z[0m [33m WARN[0m [2morbis_control[0m[2m:[0m product gpu status read failed; UI keeps previous evidence: Dbus("Signature mismatch: got `(uub)`, expected `(uuuub)`")
[2m2026-09-22T16:24:17.846835Z[0m [33m WARN[0m [2morbis_control[0m[2m:[0m gpu-power: refresh недоступен: BackendUnavailable("org.freedesktop.DBus.Error.Failed: org.freedesktop.DBus.Error.ServiceUnknown: The name is not activatable")
[2m2026-09-22T16:24:17.857749Z[0m [33m WARN[0m [2morbis_control[0m[2m:[0m product gpu status read failed; UI keeps previous evidence: Dbus("Signature mismatch: got `(uub)`, expected `(uuuub)`")
[2m2026-09-22T16:24:22.846690Z[0m [33m WARN[0m [2morbis_control[0m[2m:[0m gpu-power: refresh недоступен: BackendUnavailable("org.freedesktop.DBus.Error.Failed: org.freedesktop.DBus.Error.ServiceUnknown: The name is not activatable")
[2m2026-09-22T16:24:22.879384Z[0m [33m WARN[0m [2morbis_control[0m[2m:[0m product gpu status read failed; UI keeps previous evidence: Dbus("Signature mismatch: got `(uub)`, expected `(uuuub)`")
[2m2026-09-22T16:24:27.846729Z[0m [33m WARN[0m [2morbis_control[0m[2m:[0m gpu-power: refresh недоступен: BackendUnavailable("org.freedesktop.DBus.Error.Failed: org.freedesktop.DBus.Error.ServiceUnknown: The name is not activatable")
[2m2026-09-22T16:24:27.859270Z[0m [33m WARN[0m [2morbis_control[0m[2m:[0m product gpu status read failed; UI keeps previous evidence: Dbus("Signature mismatch: got `(uub)`, expected `(uuuub)`")
[2m2026-09-22T16:24:32.848527Z[0m [33m WARN[0m [2morbis_control[0m[2m:[0m gpu-power: refresh недоступен: BackendUnavailable("org.freedesktop.DBus.Error.Failed: org.freedesktop.DBus.Error.ServiceUnknown: The name is not activatable")
[2m2026-09-22T16:24:32.859286Z[0m [33m WARN[0m [2morbis_control[0m[2m:[0m product gpu status read failed; UI keeps previous evidence: Dbus("Signature mismatch: got `(uub)`, expected `(uuuub)`")
[2m2026-09-22T16:24:37.846773Z[0m [33m WARN[0m [2morbis_control[0m[2m:[0m gpu-power: refresh недоступен: BackendUnavailable("org.freedesktop.DBus.Error.Failed: org.freedesktop.DBus.Error.ServiceUnknown: The name is not activatable")
[2m2026-09-22T16:24:37.858846Z[0m [33m WARN[0m [2morbis_control[0m[2m:[0m product gpu status read failed; UI keeps previous evidence: Dbus("Signature mismatch: got `(uub)`, expected `(uuuub)`")
[2m2026-09-22T16:24:42.848162Z[0m [33m WARN[0m [2morbis_control[0m[2m:[0m gpu-power: refresh недоступен: BackendUnavailable("org.freedesktop.DBus.Error.Failed: org.freedesktop.DBus.Error.ServiceUnknown: The name is not activatable")
[2m2026-09-22T16:24:42.860014Z[0m [33m WARN[0m [2morbis_control[0m[2m:[0m product gpu status read failed; UI keeps previous evidence: Dbus("Signature mismatch: got `(uub)`, expected `(uuuub)`")
[2m2026-09-22T16:24:47.847914Z[0m [33m WARN[0m [2morbis_control[0m[2m:[0m gpu-power: refresh недоступен: BackendUnavailable("org.freedesktop.DBus.Error.Failed: org.freedesktop.DBus.Error.ServiceUnknown: The name is not activatable")
[2m2026-09-22T16:24:47.859097Z[0m [33m WARN[0m [2morbis_control[0m[2m:[0m product gpu status read failed; UI keeps previous evidence: Dbus("Signature mismatch: got `(uub)`, expected `(uuuub)`")
[2m2026-09-22T16:24:52.847348Z[0m [33m WARN[0m [2morbis_control[0m[2m:[0m gpu-power: refresh недоступен: BackendUnavailable("org.freedesktop.DBus.Error.Failed: org.freedesktop.DBus.Error.ServiceUnknown: The name is not activatable")
[2m2026-09-22T16:24:52.879992Z[0m [33m WARN[0m [2morbis_control[0m[2m:[0m product gpu status read failed; UI keeps previous evidence: Dbus("Signature mismatch: got `(uub)`, expected `(uuuub)`")
[2m2026-09-22T16:24:57.846417Z[0m [33m WARN[0m [2morbis_control[0m[2m:[0m gpu-power: refresh недоступен: BackendUnavailable("org.freedesktop.DBus.Error.Failed: org.freedesktop.DBus.Error.ServiceUnknown: The name is not activatable")
[2m2026-09-22T16:24:57.857479Z[0m [33m WARN[0m [2morbis_control[0m[2m:[0m product gpu status read failed; UI keeps previous evidence: Dbus("Signature mismatch: got `(uub)`, expected `(uuuub)`")
[2m2026-09-22T16:25:02.846597Z[0m [33m WARN[0m [2morbis_control[0m[2m:[0m gpu-power: refresh недоступен: BackendUnavailable("org.freedesktop.DBus.Error.Failed: org.freedesktop.DBus.Error.ServiceUnknown: The name is not activatable")
[2m2026-09-22T16:25:02.857793Z[0m [33m WARN[0m [2morbis_control[0m[2m:[0m product gpu status read failed; UI keeps previous evidence: Dbus("Signature mismatch: got `(uub)`, expected `(uuuub)`")
[2m2026-09-22T16:25:07.846859Z[0m [33m WARN[0m [2morbis_control[0m[2m:[0m gpu-power: refresh недоступен: BackendUnavailable("org.freedesktop.DBus.Error.Failed: org.freedesktop.DBus.Error.ServiceUnknown: The name is not activatable")
[2m2026-09-22T16:25:07.857626Z[0m [33m WARN[0m [2morbis_control[0m[2m:[0m product gpu status read failed; UI keeps previous evidence: Dbus("Signature mismatch: got `(uub)`, expected `(uuuub)`")
[2m2026-09-22T16:25:12.846777Z[0m [33m WARN[0m [2morbis_control[0m[2m:[0m gpu-power: refresh недоступен: BackendUnavailable("org.freedesktop.DBus.Error.Failed: org.freedesktop.DBus.Error.ServiceUnknown: The name is not activatable")
[2m2026-09-22T16:25:12.857928Z[0m [33m WARN[0m [2morbis_control[0m[2m:[0m product gpu status read failed; UI keeps previous evidence: Dbus("Signature mismatch: got `(uub)`, expected `(uuuub)`")
[2m2026-09-22T16:25:17.847564Z[0m [33m WARN[0m [2morbis_control[0m[2m:[0m gpu-power: refresh недоступен: BackendUnavailable("org.freedesktop.DBus.Error.Failed: org.freedesktop.DBus.Error.ServiceUnknown: The name is not activatable")
[2m2026-09-22T16:25:17.858026Z[0m [33m WARN[0m [2morbis_control[0m[2m:[0m product gpu status read failed; UI keeps previous evidence: Dbus("Signature mismatch: got `(uub)`, expected `(uuuub)`")
[2m2026-09-22T16:25:22.846304Z[0m [33m WARN[0m [2morbis_control[0m[2m:[0m gpu-power: refresh недоступен: BackendUnavailable("org.freedesktop.DBus.Error.Failed: org.freedesktop.DBus.Error.ServiceUnknown: The name is not activatable")
[2m2026-09-22T16:25:22.880314Z[0m [33m WARN[0m [2morbis_control[0m[2m:[0m product gpu status read failed; UI keeps previous evidence: Dbus("Signature mismatch: got `(uub)`, expected `(uuuub)`")
[2m2026-09-22T16:25:27.847969Z[0m [33m WARN[0m [2morbis_control[0m[2m:[0m gpu-power: refresh недоступен: BackendUnavailable("org.freedesktop.DBus.Error.Failed: org.freedesktop.DBus.Error.ServiceUnknown: The name is not activatable")
[2m2026-09-22T16:25:27.859447Z[0m [33m WARN[0m [2morbis_control[0m[2m:[0m product gpu status read failed; UI keeps previous evidence: Dbus("Signature mismatch: got `(uub)`, expected `(uuuub)`")
[2m2026-09-22T16:25:32.846906Z[0m [33m WARN[0m [2morbis_control[0m[2m:[0m gpu-power: refresh недоступен: BackendUnavailable("org.freedesktop.DBus.Error.Failed: org.freedesktop.DBus.Error.ServiceUnknown: The name is not activatable")
[2m2026-09-22T16:25:32.858058Z[0m [33m WARN[0m [2morbis_control[0m[2m:[0m product gpu status read failed; UI keeps previous evidence: Dbus("Signature mismatch: got `(uub)`, expected `(uuuub)`")
[2m2026-09-22T16:25:37.847421Z[0m [33m WARN[0m [2morbis_control[0m[2m:[0m gpu-power: refresh недоступен: BackendUnavailable("org.freedesktop.DBus.Error.Failed: org.freedesktop.DBus.Error.ServiceUnknown: The name is not activatable")
[2m2026-09-22T16:25:37.859262Z[0m [33m WARN[0m [2morbis_control[0m[2m:[0m product gpu status read failed; UI keeps previous evidence: Dbus("Signature mismatch: got `(uub)`, expected `(uuuub)`")
[2m2026-09-22T16:25:42.846356Z[0m [33m WARN[0m [2morbis_control[0m[2m:[0m gpu-power: refresh недоступен: BackendUnavailable("org.freedesktop.DBus.Error.Failed: org.freedesktop.DBus.Error.ServiceUnknown: The name is not activatable")
[2m2026-09-22T16:25:42.858037Z[0m [33m WARN[0m [2morbis_control[0m[2m:[0m product gpu status read failed; UI keeps previous evidence: Dbus("Signature mismatch: got `(uub)`, expected `(uuuub)`")
[2m2026-09-22T16:25:47.847207Z[0m [33m WARN[0m [2morbis_control[0m[2m:[0m gpu-power: refresh недоступен: BackendUnavailable("org.freedesktop.DBus.Error.Failed: org.freedesktop.DBus.Error.ServiceUnknown: The name is not activatable")
[2m2026-09-22T16:25:47.858479Z[0m [33m WARN[0m [2morbis_control[0m[2m:[0m product gpu status read failed; UI keeps previous evidence: Dbus("Signature mismatch: got `(uub)`, expected `(uuuub)`")
[2m2026-09-22T16:25:52.847195Z[0m [33m WARN[0m [2morbis_control[0m[2m:[0m gpu-power: refresh недоступен: BackendUnavailable("org.freedesktop.DBus.Error.Failed: org.freedesktop.DBus.Error.ServiceUnknown: The name is not activatable")
[2m2026-09-22T16:25:52.880544Z[0m [33m WARN[0m [2morbis_control[0m[2m:[0m product gpu status read failed; UI keeps previous evidence: Dbus("Signature mismatch: got `(uub)`, expected `(uuuub)`")
[2m2026-09-22T16:25:57.846932Z[0m [33m WARN[0m [2morbis_control[0m[2m:[0m gpu-power: refresh недоступен: BackendUnavailable("org.freedesktop.DBus.Error.Failed: org.freedesktop.DBus.Error.ServiceUnknown: The name is not activatable")
[2m2026-09-22T16:25:57.859586Z[0m [33m WARN[0m [2morbis_control[0m[2m:[0m product gpu status read failed; UI keeps previous evidence: Dbus("Signature mismatch: got `(uub)`, expected `(uuuub)`")
[2m2026-09-22T16:26:02.847755Z[0m [33m WARN[0m [2morbis_control[0m[2m:[0m gpu-power: refresh недоступен: BackendUnavailable("org.freedesktop.DBus.Error.Failed: org.freedesktop.DBus.Error.ServiceUnknown: The name is not activatable")
[2m2026-09-22T16:26:02.859423Z[0m [33m WARN[0m [2morbis_control[0m[2m:[0m product gpu status read failed; UI keeps previous evidence: Dbus("Signature mismatch: got `(uub)`, expected `(uuuub)`")
[2m2026-09-22T16:26:07.847056Z[0m [33m WARN[0m [2morbis_control[0m[2m:[0m gpu-power: refresh недоступен: BackendUnavailable("org.freedesktop.DBus.Error.Failed: org.freedesktop.DBus.Error.ServiceUnknown: The name is not activatable")
[2m2026-09-22T16:26:07.859090Z[0m [33m WARN[0m [2morbis_control[0m[2m:[0m product gpu status read failed; UI keeps previous evidence: Dbus("Signature mismatch: got `(uub)`, expected `(uuuub)`")
[2m2026-09-22T16:26:12.846674Z[0m [33m WARN[0m [2morbis_control[0m[2m:[0m gpu-power: refresh недоступен: BackendUnavailable("org.freedesktop.DBus.Error.Failed: org.freedesktop.DBus.Error.ServiceUnknown: The name is not activatable")
[2m2026-09-22T16:26:12.857960Z[0m [33m WARN[0m [2morbis_control[0m[2m:[0m product gpu status read failed; UI keeps previous evidence: Dbus("Signature mismatch: got `(uub)`, expected `(uuuub)`")
[2m2026-09-22T16:26:17.846317Z[0m [33m WARN[0m [2morbis_control[0m[2m:[0m gpu-power: refresh недоступен: BackendUnavailable("org.freedesktop.DBus.Error.Failed: org.freedesktop.DBus.Error.ServiceUnknown: The name is not activatable")
[2m2026-09-22T16:26:17.857596Z[0m [33m WARN[0m [2morbis_control[0m[2m:[0m product gpu status read failed; UI keeps previous evidence: Dbus("Signature mismatch: got `(uub)`, expected `(uuuub)`")
[2m2026-09-22T16:26:22.846795Z[0m [33m WARN[0m [2morbis_control[0m[2m:[0m gpu-power: refresh недоступен: BackendUnavailable("org.freedesktop.DBus.Error.Failed: org.freedesktop.DBus.Error.ServiceUnknown: The name is not activatable")
[2m2026-09-22T16:26:22.880107Z[0m [33m WARN[0m [2morbis_control[0m[2m:[0m product gpu status read failed; UI keeps previous evidence: Dbus("Signature mismatch: got `(uub)`, expected `(uuuub)`")
[2m2026-09-22T16:26:27.846376Z[0m [33m WARN[0m [2morbis_control[0m[2m:[0m gpu-power: refresh недоступен: BackendUnavailable("org.freedesktop.DBus.Error.Failed: org.freedesktop.DBus.Error.ServiceUnknown: The name is not activatable")
[2m2026-09-22T16:26:27.857798Z[0m [33m WARN[0m [2morbis_control[0m[2m:[0m product gpu status read failed; UI keeps previous evidence: Dbus("Signature mismatch: got `(uub)`, expected `(uuuub)`")
[2m2026-09-22T16:26:32.846819Z[0m [33m WARN[0m [2morbis_control[0m[2m:[0m gpu-power: refresh недоступен: BackendUnavailable("org.freedesktop.DBus.Error.Failed: org.freedesktop.DBus.Error.ServiceUnknown: The name is not activatable")
[2m2026-09-22T16:26:32.858317Z[0m [33m WARN[0m [2morbis_control[0m[2m:[0m product gpu status read failed; UI keeps previous evidence: Dbus("Signature mismatch: got `(uub)`, expected `(uuuub)`")
[2m2026-09-22T16:26:37.846905Z[0m [33m WARN[0m [2morbis_control[0m[2m:[0m gpu-power: refresh недоступен: BackendUnavailable("org.freedesktop.DBus.Error.Failed: org.freedesktop.DBus.Error.ServiceUnknown: The name is not activatable")
[2m2026-09-22T16:26:37.857781Z[0m [33m WARN[0m [2morbis_control[0m[2m:[0m product gpu status read failed; UI keeps previous evidence: Dbus("Signature mismatch: got `(uub)`, expected `(uuuub)`")
[2m2026-09-22T16:26:42.847118Z[0m [33m WARN[0m [2morbis_control[0m[2m:[0m gpu-power: refresh недоступен: BackendUnavailable("org.freedesktop.DBus.Error.Failed: org.freedesktop.DBus.Error.ServiceUnknown: The name is not activatable")
[2m2026-09-22T16:26:42.858490Z[0m [33m WARN[0m [2morbis_control[0m[2m:[0m product gpu status read failed; UI keeps previous evidence: Dbus("Signature mismatch: got `(uub)`, expected `(uuuub)`")
[2m2026-09-22T16:26:47.846462Z[0m [33m WARN[0m [2morbis_control[0m[2m:[0m gpu-power: refresh недоступен: BackendUnavailable("org.freedesktop.DBus.Error.Failed: org.freedesktop.DBus.Error.ServiceUnknown: The name is not activatable")
[2m2026-09-22T16:26:47.857938Z[0m [33m WARN[0m [2morbis_control[0m[2m:[0m product gpu status read failed; UI keeps previous evidence: Dbus("Signature mismatch: got `(uub)`, expected `(uuuub)`")
[2m2026-09-22T16:26:52.846719Z[0m [33m WARN[0m [2morbis_control[0m[2m:[0m gpu-power: refresh недоступен: BackendUnavailable("org.freedesktop.DBus.Error.Failed: org.freedesktop.DBus.Error.ServiceUnknown: The name is not activatable")
[2m2026-09-22T16:26:52.880173Z[0m [33m WARN[0m [2morbis_control[0m[2m:[0m product gpu status read failed; UI keeps previous evidence: Dbus("Signature mismatch: got `(uub)`, expected `(uuuub)`")
[2m2026-09-22T16:26:57.846468Z[0m [33m WARN[0m [2morbis_control[0m[2m:[0m gpu-power: refresh недоступен: BackendUnavailable("org.freedesktop.DBus.Error.Failed: org.freedesktop.DBus.Error.ServiceUnknown: The name is not activatable")
[2m2026-09-22T16:26:57.857823Z[0m [33m WARN[0m [2morbis_control[0m[2m:[0m product gpu status read failed; UI keeps previous evidence: Dbus("Signature mismatch: got `(uub)`, expected `(uuuub)`")
[2m2026-09-22T16:27:02.846795Z[0m [33m WARN[0m [2morbis_control[0m[2m:[0m gpu-power: refresh недоступен: BackendUnavailable("org.freedesktop.DBus.Error.Failed: org.freedesktop.DBus.Error.ServiceUnknown: The name is not activatable")
[2m2026-09-22T16:27:02.858041Z[0m [33m WARN[0m [2morbis_control[0m[2m:[0m product gpu status read failed; UI keeps previous evidence: Dbus("Signature mismatch: got `(uub)`, expected `(uuuub)`")
[2m2026-09-22T16:27:07.848396Z[0m [33m WARN[0m [2morbis_control[0m[2m:[0m gpu-power: refresh недоступен: BackendUnavailable("org.freedesktop.DBus.Error.Failed: org.freedesktop.DBus.Error.ServiceUnknown: The name is not activatable")
[2m2026-09-22T16:27:07.859647Z[0m [33m WARN[0m [2morbis_control[0m[2m:[0m product gpu status read failed; UI keeps previous evidence: Dbus("Signature mismatch: got `(uub)`, expected `(uuuub)`")
[2m2026-09-22T16:27:12.846383Z[0m [33m WARN[0m [2morbis_control[0m[2m:[0m gpu-power: refresh недоступен: BackendUnavailable("org.freedesktop.DBus.Error.Failed: org.freedesktop.DBus.Error.ServiceUnknown: The name is not activatable")
[2m2026-09-22T16:27:12.857229Z[0m [33m WARN[0m [2morbis_control[0m[2m:[0m product gpu status read failed; UI keeps previous evidence: Dbus("Signature mismatch: got `(uub)`, expected `(uuuub)`")
[2m2026-09-22T16:27:17.846414Z[0m [33m WARN[0m [2morbis_control[0m[2m:[0m gpu-power: refresh недоступен: BackendUnavailable("org.freedesktop.DBus.Error.Failed: org.freedesktop.DBus.Error.ServiceUnknown: The name is not activatable")
[2m2026-09-22T16:27:17.857808Z[0m [33m WARN[0m [2morbis_control[0m[2m:[0m product gpu status read failed; UI keeps previous evidence: Dbus("Signature mismatch: got `(uub)`, expected `(uuuub)`")
[2m2026-09-22T16:27:22.848118Z[0m [33m WARN[0m [2morbis_control[0m[2m:[0m gpu-power: refresh недоступен: BackendUnavailable("org.freedesktop.DBus.Error.Failed: org.freedesktop.DBus.Error.ServiceUnknown: The name is not activatable")
[2m2026-09-22T16:27:22.881187Z[0m [33m WARN[0m [2morbis_control[0m[2m:[0m product gpu status read failed; UI keeps previous evidence: Dbus("Signature mismatch: got `(uub)`, expected `(uuuub)`")
[2m2026-09-22T16:27:27.846582Z[0m [33m WARN[0m [2morbis_control[0m[2m:[0m gpu-power: refresh недоступен: BackendUnavailable("org.freedesktop.DBus.Error.Failed: org.freedesktop.DBus.Error.ServiceUnknown: The name is not activatable")
[2m2026-09-22T16:27:27.858431Z[0m [33m WARN[0m [2morbis_control[0m[2m:[0m product gpu status read failed; UI keeps previous evidence: Dbus("Signature mismatch: got `(uub)`, expected `(uuuub)`")
[2m2026-09-22T16:27:32.847005Z[0m [33m WARN[0m [2morbis_control[0m[2m:[0m gpu-power: refresh недоступен: BackendUnavailable("org.freedesktop.DBus.Error.Failed: org.freedesktop.DBus.Error.ServiceUnknown: The name is not activatable")
[2m2026-09-22T16:27:32.859058Z[0m [33m WARN[0m [2morbis_control[0m[2m:[0m product gpu status read failed; UI keeps previous evidence: Dbus("Signature mismatch: got `(uub)`, expected `(uuuub)`")
[2m2026-09-22T16:27:37.847284Z[0m [33m WARN[0m [2morbis_control[0m[2m:[0m gpu-power: refresh недоступен: BackendUnavailable("org.freedesktop.DBus.Error.Failed: org.freedesktop.DBus.Error.ServiceUnknown: The name is not activatable")
[2m2026-09-22T16:27:37.858291Z[0m [33m WARN[0m [2morbis_control[0m[2m:[0m product gpu status read failed; UI keeps previous evidence: Dbus("Signature mismatch: got `(uub)`, expected `(uuuub)`")
[2m2026-09-22T16:27:42.846878Z[0m [33m WARN[0m [2morbis_control[0m[2m:[0m gpu-power: refresh недоступен: BackendUnavailable("org.freedesktop.DBus.Error.Failed: org.freedesktop.DBus.Error.ServiceUnknown: The name is not activatable")
[2m2026-09-22T16:27:42.858212Z[0m [33m WARN[0m [2morbis_control[0m[2m:[0m product gpu status read failed; UI keeps previous evidence: Dbus("Signature mismatch: got `(uub)`, expected `(uuuub)`")
[2m2026-09-22T16:27:47.846244Z[0m [33m WARN[0m [2morbis_control[0m[2m:[0m gpu-power: refresh недоступен: BackendUnavailable("org.freedesktop.DBus.Error.Failed: org.freedesktop.DBus.Error.ServiceUnknown: The name is not activatable")
[2m2026-09-22T16:27:47.858045Z[0m [33m WARN[0m [2morbis_control[0m[2m:[0m product gpu status read failed; UI keeps previous evidence: Dbus("Signature mismatch: got `(uub)`, expected `(uuuub)`")
[2m2026-09-22T16:27:52.848039Z[0m [33m WARN[0m [2morbis_control[0m[2m:[0m gpu-power: refresh недоступен: BackendUnavailable("org.freedesktop.DBus.Error.Failed: org.freedesktop.DBus.Error.ServiceUnknown: The name is not activatable")
[2m2026-09-22T16:27:52.881088Z[0m [33m WARN[0m [2morbis_control[0m[2m:[0m product gpu status read failed; UI keeps previous evidence: Dbus("Signature mismatch: got `(uub)`, expected `(uuuub)`")
[2m2026-09-22T16:27:57.847516Z[0m [33m WARN[0m [2morbis_control[0m[2m:[0m gpu-power: refresh недоступен: BackendUnavailable("org.freedesktop.DBus.Error.Failed: org.freedesktop.DBus.Error.ServiceUnknown: The name is not activatable")
[2m2026-09-22T16:27:57.859306Z[0m [33m WARN[0m [2morbis_control[0m[2m:[0m product gpu status read failed; UI keeps previous evidence: Dbus("Signature mismatch: got `(uub)`, expected `(uuuub)`")
[2m2026-09-22T16:28:02.848032Z[0m [33m WARN[0m [2morbis_control[0m[2m:[0m gpu-power: refresh недоступен: BackendUnavailable("org.freedesktop.DBus.Error.Failed: org.freedesktop.DBus.Error.ServiceUnknown: The name is not activatable")
[2m2026-09-22T16:28:02.859829Z[0m [33m WARN[0m [2morbis_control[0m[2m:[0m product gpu status read failed; UI keeps previous evidence: Dbus("Signature mismatch: got `(uub)`, expected `(uuuub)`")
[2m2026-09-22T16:28:07.846989Z[0m [33m WARN[0m [2morbis_control[0m[2m:[0m gpu-power: refresh недоступен: BackendUnavailable("org.freedesktop.DBus.Error.Failed: org.freedesktop.DBus.Error.ServiceUnknown: The name is not activatable")
[2m2026-09-22T16:28:07.860287Z[0m [33m WARN[0m [2morbis_control[0m[2m:[0m product gpu status read failed; UI keeps previous evidence: Dbus("Signature mismatch: got `(uub)`, expected `(uuuub)`")
[2m2026-09-22T16:28:12.847299Z[0m [33m WARN[0m [2morbis_control[0m[2m:[0m gpu-power: refresh недоступен: BackendUnavailable("org.freedesktop.DBus.Error.Failed: org.freedesktop.DBus.Error.ServiceUnknown: The name is not activatable")
[2m2026-09-22T16:28:12.858520Z[0m [33m WARN[0m [2morbis_control[0m[2m:[0m product gpu status read failed; UI keeps previous evidence: Dbus("Signature mismatch: got `(uub)`, expected `(uuuub)`")
[2m2026-09-22T16:28:17.846936Z[0m [33m WARN[0m [2morbis_control[0m[2m:[0m gpu-power: refresh недоступен: BackendUnavailable("org.freedesktop.DBus.Error.Failed: org.freedesktop.DBus.Error.ServiceUnknown: The name is not activatable")
[2m2026-09-22T16:28:17.858468Z[0m [33m WARN[0m [2morbis_control[0m[2m:[0m product gpu status read failed; UI keeps previous evidence: Dbus("Signature mismatch: got `(uub)`, expected `(uuuub)`")
[2m2026-09-22T16:28:22.846230Z[0m [33m WARN[0m [2morbis_control[0m[2m:[0m gpu-power: refresh недоступен: BackendUnavailable("org.freedesktop.DBus.Error.Failed: org.freedesktop.DBus.Error.ServiceUnknown: The name is not activatable")
[2m2026-09-22T16:28:22.873309Z[0m [33m WARN[0m [2morbis_control[0m[2m:[0m product gpu status read failed; UI keeps previous evidence: Dbus("Signature mismatch: got `(uub)`, expected `(uuuub)`")
[2m2026-09-22T16:28:27.847697Z[0m [33m WARN[0m [2morbis_control[0m[2m:[0m gpu-power: refresh недоступен: BackendUnavailable("org.freedesktop.DBus.Error.Failed: org.freedesktop.DBus.Error.ServiceUnknown: The name is not activatable")
[2m2026-09-22T16:28:27.858586Z[0m [33m WARN[0m [2morbis_control[0m[2m:[0m product gpu status read failed; UI keeps previous evidence: Dbus("Signature mismatch: got `(uub)`, expected `(uuuub)`")
[2m2026-09-22T16:28:32.846943Z[0m [33m WARN[0m [2morbis_control[0m[2m:[0m gpu-power: refresh недоступен: BackendUnavailable("org.freedesktop.DBus.Error.Failed: org.freedesktop.DBus.Error.ServiceUnknown: The name is not activatable")
[2m2026-09-22T16:28:32.858258Z[0m [33m WARN[0m [2morbis_control[0m[2m:[0m product gpu status read failed; UI keeps previous evidence: Dbus("Signature mismatch: got `(uub)`, expected `(uuuub)`")
[2m2026-09-22T16:28:37.846899Z[0m [33m WARN[0m [2morbis_control[0m[2m:[0m gpu-power: refresh недоступен: BackendUnavailable("org.freedesktop.DBus.Error.Failed: org.freedesktop.DBus.Error.ServiceUnknown: The name is not activatable")
[2m2026-09-22T16:28:37.857344Z[0m [33m WARN[0m [2morbis_control[0m[2m:[0m product gpu status read failed; UI keeps previous evidence: Dbus("Signature mismatch: got `(uub)`, expected `(uuuub)`")
[2m2026-09-22T16:28:42.846732Z[0m [33m WARN[0m [2morbis_control[0m[2m:[0m gpu-power: refresh недоступен: BackendUnavailable("org.freedesktop.DBus.Error.Failed: org.freedesktop.DBus.Error.ServiceUnknown: The name is not activatable")
[2m2026-09-22T16:28:42.858913Z[0m [33m WARN[0m [2morbis_control[0m[2m:[0m product gpu status read failed; UI keeps previous evidence: Dbus("Signature mismatch: got `(uub)`, expected `(uuuub)`")
[2m2026-09-22T16:28:47.846577Z[0m [33m WARN[0m [2morbis_control[0m[2m:[0m gpu-power: refresh недоступен: BackendUnavailable("org.freedesktop.DBus.Error.Failed: org.freedesktop.DBus.Error.ServiceUnknown: The name is not activatable")
[2m2026-09-22T16:28:47.857482Z[0m [33m WARN[0m [2morbis_control[0m[2m:[0m product gpu status read failed; UI keeps previous evidence: Dbus("Signature mismatch: got `(uub)`, expected `(uuuub)`")
[2m2026-09-22T16:28:52.846615Z[0m [33m WARN[0m [2morbis_control[0m[2m:[0m gpu-power: refresh недоступен: BackendUnavailable("org.freedesktop.DBus.Error.Failed: org.freedesktop.DBus.Error.ServiceUnknown: The name is not activatable")
[2m2026-09-22T16:28:52.879892Z[0m [33m WARN[0m [2morbis_control[0m[2m:[0m product gpu status read failed; UI keeps previous evidence: Dbus("Signature mismatch: got `(uub)`, expected `(uuuub)`")
[2m2026-09-22T16:28:57.847612Z[0m [33m WARN[0m [2morbis_control[0m[2m:[0m gpu-power: refresh недоступен: BackendUnavailable("org.freedesktop.DBus.Error.Failed: org.freedesktop.DBus.Error.ServiceUnknown: The name is not activatable")
[2m2026-09-22T16:28:57.859370Z[0m [33m WARN[0m [2morbis_control[0m[2m:[0m product gpu status read failed; UI keeps previous evidence: Dbus("Signature mismatch: got `(uub)`, expected `(uuuub)`")
[2m2026-09-22T16:29:02.847491Z[0m [33m WARN[0m [2morbis_control[0m[2m:[0m gpu-power: refresh недоступен: BackendUnavailable("org.freedesktop.DBus.Error.Failed: org.freedesktop.DBus.Error.ServiceUnknown: The name is not activatable")
[2m2026-09-22T16:29:02.858767Z[0m [33m WARN[0m [2morbis_control[0m[2m:[0m product gpu status read failed; UI keeps previous evidence: Dbus("Signature mismatch: got `(uub)`, expected `(uuuub)`")
[2m2026-09-22T16:29:07.846867Z[0m [33m WARN[0m [2morbis_control[0m[2m:[0m gpu-power: refresh недоступен: BackendUnavailable("org.freedesktop.DBus.Error.Failed: org.freedesktop.DBus.Error.ServiceUnknown: The name is not activatable")
[2m2026-09-22T16:29:07.858277Z[0m [33m WARN[0m [2morbis_control[0m[2m:[0m product gpu status read failed; UI keeps previous evidence: Dbus("Signature mismatch: got `(uub)`, expected `(uuuub)`")
[2m2026-09-22T16:29:12.846654Z[0m [33m WARN[0m [2morbis_control[0m[2m:[0m gpu-power: refresh недоступен: BackendUnavailable("org.freedesktop.DBus.Error.Failed: org.freedesktop.DBus.Error.ServiceUnknown: The name is not activatable")
[2m2026-09-22T16:29:12.857998Z[0m [33m WARN[0m [2morbis_control[0m[2m:[0m product gpu status read failed; UI keeps previous evidence: Dbus("Signature mismatch: got `(uub)`, expected `(uuuub)`")
[2m2026-09-22T16:29:17.849037Z[0m [33m WARN[0m [2morbis_control[0m[2m:[0m gpu-power: refresh недоступен: BackendUnavailable("org.freedesktop.DBus.Error.Failed: org.freedesktop.DBus.Error.ServiceUnknown: The name is not activatable")
[2m2026-09-22T16:29:17.861069Z[0m [33m WARN[0m [2morbis_control[0m[2m:[0m product gpu status read failed; UI keeps previous evidence: Dbus("Signature mismatch: got `(uub)`, expected `(uuuub)`")
[2m2026-09-22T16:29:22.847734Z[0m [33m WARN[0m [2morbis_control[0m[2m:[0m gpu-power: refresh недоступен: BackendUnavailable("org.freedesktop.DBus.Error.Failed: org.freedesktop.DBus.Error.ServiceUnknown: The name is not activatable")
[2m2026-09-22T16:29:22.903002Z[0m [33m WARN[0m [2morbis_control[0m[2m:[0m product gpu status read failed; UI keeps previous evidence: Dbus("Signature mismatch: got `(uub)`, expected `(uuuub)`")
[2m2026-09-22T16:29:27.847362Z[0m [33m WARN[0m [2morbis_control[0m[2m:[0m gpu-power: refresh недоступен: BackendUnavailable("org.freedesktop.DBus.Error.Failed: org.freedesktop.DBus.Error.ServiceUnknown: The name is not activatable")
[2m2026-09-22T16:29:27.858797Z[0m [33m WARN[0m [2morbis_control[0m[2m:[0m product gpu status read failed; UI keeps previous evidence: Dbus("Signature mismatch: got `(uub)`, expected `(uuuub)`")
[2m2026-09-22T16:29:32.847564Z[0m [33m WARN[0m [2morbis_control[0m[2m:[0m gpu-power: refresh недоступен: BackendUnavailable("org.freedesktop.DBus.Error.Failed: org.freedesktop.DBus.Error.ServiceUnknown: The name is not activatable")
[2m2026-09-22T16:29:32.859537Z[0m [33m WARN[0m [2morbis_control[0m[2m:[0m product gpu status read failed; UI keeps previous evidence: Dbus("Signature mismatch: got `(uub)`, expected `(uuuub)`")
[2m2026-09-22T16:29:37.847171Z[0m [33m WARN[0m [2morbis_control[0m[2m:[0m gpu-power: refresh недоступен: BackendUnavailable("org.freedesktop.DBus.Error.Failed: org.freedesktop.DBus.Error.ServiceUnknown: The name is not activatable")
[2m2026-09-22T16:29:37.859222Z[0m [33m WARN[0m [2morbis_control[0m[2m:[0m product gpu status read failed; UI keeps previous evidence: Dbus("Signature mismatch: got `(uub)`, expected `(uuuub)`")
[2m2026-09-22T16:29:42.846958Z[0m [33m WARN[0m [2morbis_control[0m[2m:[0m gpu-power: refresh недоступен: BackendUnavailable("org.freedesktop.DBus.Error.Failed: org.freedesktop.DBus.Error.ServiceUnknown: The name is not activatable")
[2m2026-09-22T16:29:42.858081Z[0m [33m WARN[0m [2morbis_control[0m[2m:[0m product gpu status read failed; UI keeps previous evidence: Dbus("Signature mismatch: got `(uub)`, expected `(uuuub)`")
[2m2026-09-22T16:29:47.846714Z[0m [33m WARN[0m [2morbis_control[0m[2m:[0m gpu-power: refresh недоступен: BackendUnavailable("org.freedesktop.DBus.Error.Failed: org.freedesktop.DBus.Error.ServiceUnknown: The name is not activatable")
[2m2026-09-22T16:29:47.857551Z[0m [33m WARN[0m [2morbis_control[0m[2m:[0m product gpu status read failed; UI keeps previous evidence: Dbus("Signature mismatch: got `(uub)`, expected `(uuuub)`")
[2m2026-09-22T16:29:52.846834Z[0m [33m WARN[0m [2morbis_control[0m[2m:[0m gpu-power: refresh недоступен: BackendUnavailable("org.freedesktop.DBus.Error.Failed: org.freedesktop.DBus.Error.ServiceUnknown: The name is not activatable")
[2m2026-09-22T16:29:52.901783Z[0m [33m WARN[0m [2morbis_control[0m[2m:[0m product gpu status read failed; UI keeps previous evidence: Dbus("Signature mismatch: got `(uub)`, expected `(uuuub)`")
[2m2026-09-22T16:29:57.847981Z[0m [33m WARN[0m [2morbis_control[0m[2m:[0m gpu-power: refresh недоступен: BackendUnavailable("org.freedesktop.DBus.Error.Failed: org.freedesktop.DBus.Error.ServiceUnknown: The name is not activatable")
[2m2026-09-22T16:29:57.860504Z[0m [33m WARN[0m [2morbis_control[0m[2m:[0m product gpu status read failed; UI keeps previous evidence: Dbus("Signature mismatch: got `(uub)`, expected `(uuuub)`")
[2m2026-09-22T16:30:02.847121Z[0m [33m WARN[0m [2morbis_control[0m[2m:[0m gpu-power: refresh недоступен: BackendUnavailable("org.freedesktop.DBus.Error.Failed: org.freedesktop.DBus.Error.ServiceUnknown: The name is not activatable")
[2m2026-09-22T16:30:02.859109Z[0m [33m WARN[0m [2morbis_control[0m[2m:[0m product gpu status read failed; UI keeps previous evidence: Dbus("Signature mismatch: got `(uub)`, expected `(uuuub)`")
[2m2026-09-22T16:30:07.847528Z[0m [33m WARN[0m [2morbis_control[0m[2m:[0m gpu-power: refresh недоступен: BackendUnavailable("org.freedesktop.DBus.Error.Failed: org.freedesktop.DBus.Error.ServiceUnknown: The name is not activatable")
[2m2026-09-22T16:30:07.859058Z[0m [33m WARN[0m [2morbis_control[0m[2m:[0m product gpu status read failed; UI keeps previous evidence: Dbus("Signature mismatch: got `(uub)`, expected `(uuuub)`")
[2m2026-09-22T16:30:12.848773Z[0m [33m WARN[0m [2morbis_control[0m[2m:[0m gpu-power: refresh недоступен: BackendUnavailable("org.freedesktop.DBus.Error.Failed: org.freedesktop.DBus.Error.ServiceUnknown: The name is not activatable")
[2m2026-09-22T16:30:12.860252Z[0m [33m WARN[0m [2morbis_control[0m[2m:[0m product gpu status read failed; UI keeps previous evidence: Dbus("Signature mismatch: got `(uub)`, expected `(uuuub)`")
[2m2026-09-22T16:30:17.847448Z[0m [33m WARN[0m [2morbis_control[0m[2m:[0m gpu-power: refresh недоступен: BackendUnavailable("org.freedesktop.DBus.Error.Failed: org.freedesktop.DBus.Error.ServiceUnknown: The name is not activatable")
[2m2026-09-22T16:30:17.859026Z[0m [33m WARN[0m [2morbis_control[0m[2m:[0m product gpu status read failed; UI keeps previous evidence: Dbus("Signature mismatch: got `(uub)`, expected `(uuuub)`")
[2m2026-09-22T16:30:22.847184Z[0m [33m WARN[0m [2morbis_control[0m[2m:[0m gpu-power: refresh недоступен: BackendUnavailable("org.freedesktop.DBus.Error.Failed: org.freedesktop.DBus.Error.ServiceUnknown: The name is not activatable")
[2m2026-09-22T16:30:22.879952Z[0m [33m WARN[0m [2morbis_control[0m[2m:[0m product gpu status read failed; UI keeps previous evidence: Dbus("Signature mismatch: got `(uub)`, expected `(uuuub)`")
[2m2026-09-22T16:30:27.846608Z[0m [33m WARN[0m [2morbis_control[0m[2m:[0m gpu-power: refresh недоступен: BackendUnavailable("org.freedesktop.DBus.Error.Failed: org.freedesktop.DBus.Error.ServiceUnknown: The name is not activatable")
[2m2026-09-22T16:30:27.857884Z[0m [33m WARN[0m [2morbis_control[0m[2m:[0m product gpu status read failed; UI keeps previous evidence: Dbus("Signature mismatch: got `(uub)`, expected `(uuuub)`")
[2m2026-09-22T16:30:32.848041Z[0m [33m WARN[0m [2morbis_control[0m[2m:[0m gpu-power: refresh недоступен: BackendUnavailable("org.freedesktop.DBus.Error.Failed: org.freedesktop.DBus.Error.ServiceUnknown: The name is not activatable")
[2m2026-09-22T16:30:32.860760Z[0m [33m WARN[0m [2morbis_control[0m[2m:[0m product gpu status read failed; UI keeps previous evidence: Dbus("Signature mismatch: got `(uub)`, expected `(uuuub)`")
[2m2026-09-22T16:30:37.847362Z[0m [33m WARN[0m [2morbis_control[0m[2m:[0m gpu-power: refresh недоступен: BackendUnavailable("org.freedesktop.DBus.Error.Failed: org.freedesktop.DBus.Error.ServiceUnknown: The name is not activatable")
[2m2026-09-22T16:30:37.858779Z[0m [33m WARN[0m [2morbis_control[0m[2m:[0m product gpu status read failed; UI keeps previous evidence: Dbus("Signature mismatch: got `(uub)`, expected `(uuuub)`")
[2m2026-09-22T16:30:42.846620Z[0m [33m WARN[0m [2morbis_control[0m[2m:[0m gpu-power: refresh недоступен: BackendUnavailable("org.freedesktop.DBus.Error.Failed: org.freedesktop.DBus.Error.ServiceUnknown: The name is not activatable")
[2m2026-09-22T16:30:42.857516Z[0m [33m WARN[0m [2morbis_control[0m[2m:[0m product gpu status read failed; UI keeps previous evidence: Dbus("Signature mismatch: got `(uub)`, expected `(uuuub)`")
[2m2026-09-22T16:30:47.846488Z[0m [33m WARN[0m [2morbis_control[0m[2m:[0m gpu-power: refresh недоступен: BackendUnavailable("org.freedesktop.DBus.Error.Failed: org.freedesktop.DBus.Error.ServiceUnknown: The name is not activatable")
[2m2026-09-22T16:30:47.858043Z[0m [33m WARN[0m [2morbis_control[0m[2m:[0m product gpu status read failed; UI keeps previous evidence: Dbus("Signature mismatch: got `(uub)`, expected `(uuuub)`")
[2m2026-09-22T16:30:52.848225Z[0m [33m WARN[0m [2morbis_control[0m[2m:[0m gpu-power: refresh недоступен: BackendUnavailable("org.freedesktop.DBus.Error.Failed: org.freedesktop.DBus.Error.ServiceUnknown: The name is not activatable")
[2m2026-09-22T16:30:52.902377Z[0m [33m WARN[0m [2morbis_control[0m[2m:[0m product gpu status read failed; UI keeps previous evidence: Dbus("Signature mismatch: got `(uub)`, expected `(uuuub)`")
[2m2026-09-22T16:30:57.846824Z[0m [33m WARN[0m [2morbis_control[0m[2m:[0m gpu-power: refresh недоступен: BackendUnavailable("org.freedesktop.DBus.Error.Failed: org.freedesktop.DBus.Error.ServiceUnknown: The name is not activatable")
[2m2026-09-22T16:30:57.857992Z[0m [33m WARN[0m [2morbis_control[0m[2m:[0m product gpu status read failed; UI keeps previous evidence: Dbus("Signature mismatch: got `(uub)`, expected `(uuuub)`")
[2m2026-09-22T16:31:02.846255Z[0m [33m WARN[0m [2morbis_control[0m[2m:[0m gpu-power: refresh недоступен: BackendUnavailable("org.freedesktop.DBus.Error.Failed: org.freedesktop.DBus.Error.ServiceUnknown: The name is not activatable")
[2m2026-09-22T16:31:02.857553Z[0m [33m WARN[0m [2morbis_control[0m[2m:[0m product gpu status read failed; UI keeps previous evidence: Dbus("Signature mismatch: got `(uub)`, expected `(uuuub)`")
[2m2026-09-22T16:31:07.846943Z[0m [33m WARN[0m [2morbis_control[0m[2m:[0m gpu-power: refresh недоступен: BackendUnavailable("org.freedesktop.DBus.Error.Failed: org.freedesktop.DBus.Error.ServiceUnknown: The name is not activatable")
[2m2026-09-22T16:31:07.858019Z[0m [33m WARN[0m [2morbis_control[0m[2m:[0m product gpu status read failed; UI keeps previous evidence: Dbus("Signature mismatch: got `(uub)`, expected `(uuuub)`")
[2m2026-09-22T16:31:12.848128Z[0m [33m WARN[0m [2morbis_control[0m[2m:[0m gpu-power: refresh недоступен: BackendUnavailable("org.freedesktop.DBus.Error.Failed: org.freedesktop.DBus.Error.ServiceUnknown: The name is not activatable")
[2m2026-09-22T16:31:12.860462Z[0m [33m WARN[0m [2morbis_control[0m[2m:[0m product gpu status read failed; UI keeps previous evidence: Dbus("Signature mismatch: got `(uub)`, expected `(uuuub)`")
[2m2026-09-22T16:31:17.847144Z[0m [33m WARN[0m [2morbis_control[0m[2m:[0m gpu-power: refresh недоступен: BackendUnavailable("org.freedesktop.DBus.Error.Failed: org.freedesktop.DBus.Error.ServiceUnknown: The name is not activatable")
[2m2026-09-22T16:31:17.858281Z[0m [33m WARN[0m [2morbis_control[0m[2m:[0m product gpu status read failed; UI keeps previous evidence: Dbus("Signature mismatch: got `(uub)`, expected `(uuuub)`")
[2m2026-09-22T16:31:22.849530Z[0m [33m WARN[0m [2morbis_control[0m[2m:[0m gpu-power: refresh недоступен: BackendUnavailable("org.freedesktop.DBus.Error.Failed: org.freedesktop.DBus.Error.ServiceUnknown: The name is not activatable")
[2m2026-09-22T16:31:22.905118Z[0m [33m WARN[0m [2morbis_control[0m[2m:[0m product gpu status read failed; UI keeps previous evidence: Dbus("Signature mismatch: got `(uub)`, expected `(uuuub)`")
[2m2026-09-22T16:31:27.847517Z[0m [33m WARN[0m [2morbis_control[0m[2m:[0m gpu-power: refresh недоступен: BackendUnavailable("org.freedesktop.DBus.Error.Failed: org.freedesktop.DBus.Error.ServiceUnknown: The name is not activatable")
[2m2026-09-22T16:31:27.858196Z[0m [33m WARN[0m [2morbis_control[0m[2m:[0m product gpu status read failed; UI keeps previous evidence: Dbus("Signature mismatch: got `(uub)`, expected `(uuuub)`")
[2m2026-09-22T16:31:32.847828Z[0m [33m WARN[0m [2morbis_control[0m[2m:[0m gpu-power: refresh недоступен: BackendUnavailable("org.freedesktop.DBus.Error.Failed: org.freedesktop.DBus.Error.ServiceUnknown: The name is not activatable")
[2m2026-09-22T16:31:32.859396Z[0m [33m WARN[0m [2morbis_control[0m[2m:[0m product gpu status read failed; UI keeps previous evidence: Dbus("Signature mismatch: got `(uub)`, expected `(uuuub)`")
[2m2026-09-22T16:31:37.847295Z[0m [33m WARN[0m [2morbis_control[0m[2m:[0m gpu-power: refresh недоступен: BackendUnavailable("org.freedesktop.DBus.Error.Failed: org.freedesktop.DBus.Error.ServiceUnknown: The name is not activatable")
[2m2026-09-22T16:31:37.858201Z[0m [33m WARN[0m [2morbis_control[0m[2m:[0m product gpu status read failed; UI keeps previous evidence: Dbus("Signature mismatch: got `(uub)`, expected `(uuuub)`")
[2m2026-09-22T16:31:42.849446Z[0m [33m WARN[0m [2morbis_control[0m[2m:[0m gpu-power: refresh недоступен: BackendUnavailable("org.freedesktop.DBus.Error.Failed: org.freedesktop.DBus.Error.ServiceUnknown: The name is not activatable")
[2m2026-09-22T16:31:42.862080Z[0m [33m WARN[0m [2morbis_control[0m[2m:[0m product gpu status read failed; UI keeps previous evidence: Dbus("Signature mismatch: got `(uub)`, expected `(uuuub)`")
[2m2026-09-22T16:31:47.846853Z[0m [33m WARN[0m [2morbis_control[0m[2m:[0m gpu-power: refresh недоступен: BackendUnavailable("org.freedesktop.DBus.Error.Failed: org.freedesktop.DBus.Error.ServiceUnknown: The name is not activatable")
[2m2026-09-22T16:31:47.857726Z[0m [33m WARN[0m [2morbis_control[0m[2m:[0m product gpu status read failed; UI keeps previous evidence: Dbus("Signature mismatch: got `(uub)`, expected `(uuuub)`")
[2m2026-09-22T16:31:52.846468Z[0m [33m WARN[0m [2morbis_control[0m[2m:[0m gpu-power: refresh недоступен: BackendUnavailable("org.freedesktop.DBus.Error.Failed: org.freedesktop.DBus.Error.ServiceUnknown: The name is not activatable")
[2m2026-09-22T16:31:52.879369Z[0m [33m WARN[0m [2morbis_control[0m[2m:[0m product gpu status read failed; UI keeps previous evidence: Dbus("Signature mismatch: got `(uub)`, expected `(uuuub)`")
[2m2026-09-22T16:31:57.847668Z[0m [33m WARN[0m [2morbis_control[0m[2m:[0m gpu-power: refresh недоступен: BackendUnavailable("org.freedesktop.DBus.Error.Failed: org.freedesktop.DBus.Error.ServiceUnknown: The name is not activatable")
[2m2026-09-22T16:31:57.858960Z[0m [33m WARN[0m [2morbis_control[0m[2m:[0m product gpu status read failed; UI keeps previous evidence: Dbus("Signature mismatch: got `(uub)`, expected `(uuuub)`")
[2m2026-09-22T16:32:02.847250Z[0m [33m WARN[0m [2morbis_control[0m[2m:[0m gpu-power: refresh недоступен: BackendUnavailable("org.freedesktop.DBus.Error.Failed: org.freedesktop.DBus.Error.ServiceUnknown: The name is not activatable")
[2m2026-09-22T16:32:02.858816Z[0m [33m WARN[0m [2morbis_control[0m[2m:[0m product gpu status read failed; UI keeps previous evidence: Dbus("Signature mismatch: got `(uub)`, expected `(uuuub)`")
[2m2026-09-22T16:32:07.847476Z[0m [33m WARN[0m [2morbis_control[0m[2m:[0m gpu-power: refresh недоступен: BackendUnavailable("org.freedesktop.DBus.Error.Failed: org.freedesktop.DBus.Error.ServiceUnknown: The name is not activatable")
[2m2026-09-22T16:32:07.857966Z[0m [33m WARN[0m [2morbis_control[0m[2m:[0m product gpu status read failed; UI keeps previous evidence: Dbus("Signature mismatch: got `(uub)`, expected `(uuuub)`")
[2m2026-09-22T16:32:12.847567Z[0m [33m WARN[0m [2morbis_control[0m[2m:[0m gpu-power: refresh недоступен: BackendUnavailable("org.freedesktop.DBus.Error.Failed: org.freedesktop.DBus.Error.ServiceUnknown: The name is not activatable")
[2m2026-09-22T16:32:12.859197Z[0m [33m WARN[0m [2morbis_control[0m[2m:[0m product gpu status read failed; UI keeps previous evidence: Dbus("Signature mismatch: got `(uub)`, expected `(uuuub)`")
[2m2026-09-22T16:32:17.847213Z[0m [33m WARN[0m [2morbis_control[0m[2m:[0m gpu-power: refresh недоступен: BackendUnavailable("org.freedesktop.DBus.Error.Failed: org.freedesktop.DBus.Error.ServiceUnknown: The name is not activatable")
[2m2026-09-22T16:32:17.858766Z[0m [33m WARN[0m [2morbis_control[0m[2m:[0m product gpu status read failed; UI keeps previous evidence: Dbus("Signature mismatch: got `(uub)`, expected `(uuuub)`")
[2m2026-09-22T16:32:22.846540Z[0m [33m WARN[0m [2morbis_control[0m[2m:[0m gpu-power: refresh недоступен: BackendUnavailable("org.freedesktop.DBus.Error.Failed: org.freedesktop.DBus.Error.ServiceUnknown: The name is not activatable")
[2m2026-09-22T16:32:22.879802Z[0m [33m WARN[0m [2morbis_control[0m[2m:[0m product gpu status read failed; UI keeps previous evidence: Dbus("Signature mismatch: got `(uub)`, expected `(uuuub)`")
[2m2026-09-22T16:32:27.846911Z[0m [33m WARN[0m [2morbis_control[0m[2m:[0m gpu-power: refresh недоступен: BackendUnavailable("org.freedesktop.DBus.Error.Failed: org.freedesktop.DBus.Error.ServiceUnknown: The name is not activatable")
[2m2026-09-22T16:32:27.858277Z[0m [33m WARN[0m [2morbis_control[0m[2m:[0m product gpu status read failed; UI keeps previous evidence: Dbus("Signature mismatch: got `(uub)`, expected `(uuuub)`")
[2m2026-09-22T16:32:32.848339Z[0m [33m WARN[0m [2morbis_control[0m[2m:[0m gpu-power: refresh недоступен: BackendUnavailable("org.freedesktop.DBus.Error.Failed: org.freedesktop.DBus.Error.ServiceUnknown: The name is not activatable")
[2m2026-09-22T16:32:32.859590Z[0m [33m WARN[0m [2morbis_control[0m[2m:[0m product gpu status read failed; UI keeps previous evidence: Dbus("Signature mismatch: got `(uub)`, expected `(uuuub)`")
[2m2026-09-22T16:32:37.847220Z[0m [33m WARN[0m [2morbis_control[0m[2m:[0m gpu-power: refresh недоступен: BackendUnavailable("org.freedesktop.DBus.Error.Failed: org.freedesktop.DBus.Error.ServiceUnknown: The name is not activatable")
[2m2026-09-22T16:32:37.859225Z[0m [33m WARN[0m [2morbis_control[0m[2m:[0m product gpu status read failed; UI keeps previous evidence: Dbus("Signature mismatch: got `(uub)`, expected `(uuuub)`")
[2m2026-09-22T16:32:42.847568Z[0m [33m WARN[0m [2morbis_control[0m[2m:[0m gpu-power: refresh недоступен: BackendUnavailable("org.freedesktop.DBus.Error.Failed: org.freedesktop.DBus.Error.ServiceUnknown: The name is not activatable")
[2m2026-09-22T16:32:42.857792Z[0m [33m WARN[0m [2morbis_control[0m[2m:[0m product gpu status read failed; UI keeps previous evidence: Dbus("Signature mismatch: got `(uub)`, expected `(uuuub)`")
[2m2026-09-22T16:32:47.846566Z[0m [33m WARN[0m [2morbis_control[0m[2m:[0m gpu-power: refresh недоступен: BackendUnavailable("org.freedesktop.DBus.Error.Failed: org.freedesktop.DBus.Error.ServiceUnknown: The name is not activatable")
[2m2026-09-22T16:32:47.857369Z[0m [33m WARN[0m [2morbis_control[0m[2m:[0m product gpu status read failed; UI keeps previous evidence: Dbus("Signature mismatch: got `(uub)`, expected `(uuuub)`")
[2m2026-09-22T16:32:52.847753Z[0m [33m WARN[0m [2morbis_control[0m[2m:[0m gpu-power: refresh недоступен: BackendUnavailable("org.freedesktop.DBus.Error.Failed: org.freedesktop.DBus.Error.ServiceUnknown: The name is not activatable")
[2m2026-09-22T16:32:52.880320Z[0m [33m WARN[0m [2morbis_control[0m[2m:[0m product gpu status read failed; UI keeps previous evidence: Dbus("Signature mismatch: got `(uub)`, expected `(uuuub)`")
[2m2026-09-22T16:32:57.847561Z[0m [33m WARN[0m [2morbis_control[0m[2m:[0m gpu-power: refresh недоступен: BackendUnavailable("org.freedesktop.DBus.Error.Failed: org.freedesktop.DBus.Error.ServiceUnknown: The name is not activatable")
[2m2026-09-22T16:32:57.858588Z[0m [33m WARN[0m [2morbis_control[0m[2m:[0m product gpu status read failed; UI keeps previous evidence: Dbus("Signature mismatch: got `(uub)`, expected `(uuuub)`")
[2m2026-09-22T16:33:02.847328Z[0m [33m WARN[0m [2morbis_control[0m[2m:[0m gpu-power: refresh недоступен: BackendUnavailable("org.freedesktop.DBus.Error.Failed: org.freedesktop.DBus.Error.ServiceUnknown: The name is not activatable")
[2m2026-09-22T16:33:02.858816Z[0m [33m WARN[0m [2morbis_control[0m[2m:[0m product gpu status read failed; UI keeps previous evidence: Dbus("Signature mismatch: got `(uub)`, expected `(uuuub)`")
[2m2026-09-22T16:33:07.847468Z[0m [33m WARN[0m [2morbis_control[0m[2m:[0m gpu-power: refresh недоступен: BackendUnavailable("org.freedesktop.DBus.Error.Failed: org.freedesktop.DBus.Error.ServiceUnknown: The name is not activatable")
[2m2026-09-22T16:33:07.858201Z[0m [33m WARN[0m [2morbis_control[0m[2m:[0m product gpu status read failed; UI keeps previous evidence: Dbus("Signature mismatch: got `(uub)`, expected `(uuuub)`")
[2m2026-09-22T16:33:12.847884Z[0m [33m WARN[0m [2morbis_control[0m[2m:[0m gpu-power: refresh недоступен: BackendUnavailable("org.freedesktop.DBus.Error.Failed: org.freedesktop.DBus.Error.ServiceUnknown: The name is not activatable")
[2m2026-09-22T16:33:12.859558Z[0m [33m WARN[0m [2morbis_control[0m[2m:[0m product gpu status read failed; UI keeps previous evidence: Dbus("Signature mismatch: got `(uub)`, expected `(uuuub)`")
[2m2026-09-22T16:33:17.847671Z[0m [33m WARN[0m [2morbis_control[0m[2m:[0m gpu-power: refresh недоступен: BackendUnavailable("org.freedesktop.DBus.Error.Failed: org.freedesktop.DBus.Error.ServiceUnknown: The name is not activatable")
[2m2026-09-22T16:33:17.858927Z[0m [33m WARN[0m [2morbis_control[0m[2m:[0m product gpu status read failed; UI keeps previous evidence: Dbus("Signature mismatch: got `(uub)`, expected `(uuuub)`")
[2m2026-09-22T16:33:22.846968Z[0m [33m WARN[0m [2morbis_control[0m[2m:[0m gpu-power: refresh недоступен: BackendUnavailable("org.freedesktop.DBus.Error.Failed: org.freedesktop.DBus.Error.ServiceUnknown: The name is not activatable")
[2m2026-09-22T16:33:22.880465Z[0m [33m WARN[0m [2morbis_control[0m[2m:[0m product gpu status read failed; UI keeps previous evidence: Dbus("Signature mismatch: got `(uub)`, expected `(uuuub)`")
[2m2026-09-22T16:33:27.847761Z[0m [33m WARN[0m [2morbis_control[0m[2m:[0m gpu-power: refresh недоступен: BackendUnavailable("org.freedesktop.DBus.Error.Failed: org.freedesktop.DBus.Error.ServiceUnknown: The name is not activatable")
[2m2026-09-22T16:33:27.858699Z[0m [33m WARN[0m [2morbis_control[0m[2m:[0m product gpu status read failed; UI keeps previous evidence: Dbus("Signature mismatch: got `(uub)`, expected `(uuuub)`")
[2m2026-09-22T16:33:32.847117Z[0m [33m WARN[0m [2morbis_control[0m[2m:[0m gpu-power: refresh недоступен: BackendUnavailable("org.freedesktop.DBus.Error.Failed: org.freedesktop.DBus.Error.ServiceUnknown: The name is not activatable")
[2m2026-09-22T16:33:32.858038Z[0m [33m WARN[0m [2morbis_control[0m[2m:[0m product gpu status read failed; UI keeps previous evidence: Dbus("Signature mismatch: got `(uub)`, expected `(uuuub)`")
[2m2026-09-22T16:33:37.848428Z[0m [33m WARN[0m [2morbis_control[0m[2m:[0m gpu-power: refresh недоступен: BackendUnavailable("org.freedesktop.DBus.Error.Failed: org.freedesktop.DBus.Error.ServiceUnknown: The name is not activatable")
[2m2026-09-22T16:33:37.859561Z[0m [33m WARN[0m [2morbis_control[0m[2m:[0m product gpu status read failed; UI keeps previous evidence: Dbus("Signature mismatch: got `(uub)`, expected `(uuuub)`")
[2m2026-09-22T16:33:42.846830Z[0m [33m WARN[0m [2morbis_control[0m[2m:[0m gpu-power: refresh недоступен: BackendUnavailable("org.freedesktop.DBus.Error.Failed: org.freedesktop.DBus.Error.ServiceUnknown: The name is not activatable")
[2m2026-09-22T16:33:42.857929Z[0m [33m WARN[0m [2morbis_control[0m[2m:[0m product gpu status read failed; UI keeps previous evidence: Dbus("Signature mismatch: got `(uub)`, expected `(uuuub)`")
[2m2026-09-22T16:33:47.847562Z[0m [33m WARN[0m [2morbis_control[0m[2m:[0m gpu-power: refresh недоступен: BackendUnavailable("org.freedesktop.DBus.Error.Failed: org.freedesktop.DBus.Error.ServiceUnknown: The name is not activatable")
[2m2026-09-22T16:33:47.858941Z[0m [33m WARN[0m [2morbis_control[0m[2m:[0m product gpu status read failed; UI keeps previous evidence: Dbus("Signature mismatch: got `(uub)`, expected `(uuuub)`")
[2m2026-09-22T16:33:52.846227Z[0m [33m WARN[0m [2morbis_control[0m[2m:[0m gpu-power: refresh недоступен: BackendUnavailable("org.freedesktop.DBus.Error.Failed: org.freedesktop.DBus.Error.ServiceUnknown: The name is not activatable")
[2m2026-09-22T16:33:52.900732Z[0m [33m WARN[0m [2morbis_control[0m[2m:[0m product gpu status read failed; UI keeps previous evidence: Dbus("Signature mismatch: got `(uub)`, expected `(uuuub)`")
[2m2026-09-22T16:33:57.847907Z[0m [33m WARN[0m [2morbis_control[0m[2m:[0m gpu-power: refresh недоступен: BackendUnavailable("org.freedesktop.DBus.Error.Failed: org.freedesktop.DBus.Error.ServiceUnknown: The name is not activatable")
[2m2026-09-22T16:33:57.858860Z[0m [33m WARN[0m [2morbis_control[0m[2m:[0m product gpu status read failed; UI keeps previous evidence: Dbus("Signature mismatch: got `(uub)`, expected `(uuuub)`")
[2m2026-09-22T16:34:02.848725Z[0m [33m WARN[0m [2morbis_control[0m[2m:[0m gpu-power: refresh недоступен: BackendUnavailable("org.freedesktop.DBus.Error.Failed: org.freedesktop.DBus.Error.ServiceUnknown: The name is not activatable")
[2m2026-09-22T16:34:02.859574Z[0m [33m WARN[0m [2morbis_control[0m[2m:[0m product gpu status read failed; UI keeps previous evidence: Dbus("Signature mismatch: got `(uub)`, expected `(uuuub)`")
[2m2026-09-22T16:34:07.847341Z[0m [33m WARN[0m [2morbis_control[0m[2m:[0m gpu-power: refresh недоступен: BackendUnavailable("org.freedesktop.DBus.Error.Failed: org.freedesktop.DBus.Error.ServiceUnknown: The name is not activatable")
[2m2026-09-22T16:34:07.857977Z[0m [33m WARN[0m [2morbis_control[0m[2m:[0m product gpu status read failed; UI keeps previous evidence: Dbus("Signature mismatch: got `(uub)`, expected `(uuuub)`")
[2m2026-09-22T16:34:12.848577Z[0m [33m WARN[0m [2morbis_control[0m[2m:[0m gpu-power: refresh недоступен: BackendUnavailable("org.freedesktop.DBus.Error.Failed: org.freedesktop.DBus.Error.ServiceUnknown: The name is not activatable")
[2m2026-09-22T16:34:12.860740Z[0m [33m WARN[0m [2morbis_control[0m[2m:[0m product gpu status read failed; UI keeps previous evidence: Dbus("Signature mismatch: got `(uub)`, expected `(uuuub)`")
[2m2026-09-22T16:34:17.846815Z[0m [33m WARN[0m [2morbis_control[0m[2m:[0m gpu-power: refresh недоступен: BackendUnavailable("org.freedesktop.DBus.Error.Failed: org.freedesktop.DBus.Error.ServiceUnknown: The name is not activatable")
[2m2026-09-22T16:34:17.857971Z[0m [33m WARN[0m [2morbis_control[0m[2m:[0m product gpu status read failed; UI keeps previous evidence: Dbus("Signature mismatch: got `(uub)`, expected `(uuuub)`")
[2m2026-09-22T16:34:22.847748Z[0m [33m WARN[0m [2morbis_control[0m[2m:[0m gpu-power: refresh недоступен: BackendUnavailable("org.freedesktop.DBus.Error.Failed: org.freedesktop.DBus.Error.ServiceUnknown: The name is not activatable")
[2m2026-09-22T16:34:22.882022Z[0m [33m WARN[0m [2morbis_control[0m[2m:[0m product gpu status read failed; UI keeps previous evidence: Dbus("Signature mismatch: got `(uub)`, expected `(uuuub)`")
[2m2026-09-22T16:34:27.847824Z[0m [33m WARN[0m [2morbis_control[0m[2m:[0m gpu-power: refresh недоступен: BackendUnavailable("org.freedesktop.DBus.Error.Failed: org.freedesktop.DBus.Error.ServiceUnknown: The name is not activatable")
[2m2026-09-22T16:34:27.858922Z[0m [33m WARN[0m [2morbis_control[0m[2m:[0m product gpu status read failed; UI keeps previous evidence: Dbus("Signature mismatch: got `(uub)`, expected `(uuuub)`")
[2m2026-09-22T16:34:32.846691Z[0m [33m WARN[0m [2morbis_control[0m[2m:[0m gpu-power: refresh недоступен: BackendUnavailable("org.freedesktop.DBus.Error.Failed: org.freedesktop.DBus.Error.ServiceUnknown: The name is not activatable")
[2m2026-09-22T16:34:32.857220Z[0m [33m WARN[0m [2morbis_control[0m[2m:[0m product gpu status read failed; UI keeps previous evidence: Dbus("Signature mismatch: got `(uub)`, expected `(uuuub)`")
[2m2026-09-22T16:34:37.845224Z[0m [33m WARN[0m [2morbis_control[0m[2m:[0m gpu-power: refresh недоступен: BackendUnavailable("org.freedesktop.DBus.Error.Failed: org.freedesktop.DBus.Error.ServiceUnknown: The name is not activatable")
[2m2026-09-22T16:34:37.856532Z[0m [33m WARN[0m [2morbis_control[0m[2m:[0m product gpu status read failed; UI keeps previous evidence: Dbus("Signature mismatch: got `(uub)`, expected `(uuuub)`")
[2m2026-09-22T16:34:42.846640Z[0m [33m WARN[0m [2morbis_control[0m[2m:[0m gpu-power: refresh недоступен: BackendUnavailable("org.freedesktop.DBus.Error.Failed: org.freedesktop.DBus.Error.ServiceUnknown: The name is not activatable")
[2m2026-09-22T16:34:42.858003Z[0m [33m WARN[0m [2morbis_control[0m[2m:[0m product gpu status read failed; UI keeps previous evidence: Dbus("Signature mismatch: got `(uub)`, expected `(uuuub)`")
[2m2026-09-22T16:34:47.846730Z[0m [33m WARN[0m [2morbis_control[0m[2m:[0m gpu-power: refresh недоступен: BackendUnavailable("org.freedesktop.DBus.Error.Failed: org.freedesktop.DBus.Error.ServiceUnknown: The name is not activatable")
[2m2026-09-22T16:34:47.857971Z[0m [33m WARN[0m [2morbis_control[0m[2m:[0m product gpu status read failed; UI keeps previous evidence: Dbus("Signature mismatch: got `(uub)`, expected `(uuuub)`")
[2m2026-09-22T16:34:52.846375Z[0m [33m WARN[0m [2morbis_control[0m[2m:[0m gpu-power: refresh недоступен: BackendUnavailable("org.freedesktop.DBus.Error.Failed: org.freedesktop.DBus.Error.ServiceUnknown: The name is not activatable")
[2m2026-09-22T16:34:52.880470Z[0m [33m WARN[0m [2morbis_control[0m[2m:[0m product gpu status read failed; UI keeps previous evidence: Dbus("Signature mismatch: got `(uub)`, expected `(uuuub)`")
[2m2026-09-22T16:34:57.846864Z[0m [33m WARN[0m [2morbis_control[0m[2m:[0m gpu-power: refresh недоступен: BackendUnavailable("org.freedesktop.DBus.Error.Failed: org.freedesktop.DBus.Error.ServiceUnknown: The name is not activatable")
[2m2026-09-22T16:34:57.857781Z[0m [33m WARN[0m [2morbis_control[0m[2m:[0m product gpu status read failed; UI keeps previous evidence: Dbus("Signature mismatch: got `(uub)`, expected `(uuuub)`")
[2m2026-09-22T16:35:02.847418Z[0m [33m WARN[0m [2morbis_control[0m[2m:[0m gpu-power: refresh недоступен: BackendUnavailable("org.freedesktop.DBus.Error.Failed: org.freedesktop.DBus.Error.ServiceUnknown: The name is not activatable")
[2m2026-09-22T16:35:02.858601Z[0m [33m WARN[0m [2morbis_control[0m[2m:[0m product gpu status read failed; UI keeps previous evidence: Dbus("Signature mismatch: got `(uub)`, expected `(uuuub)`")
[2m2026-09-22T16:35:07.847780Z[0m [33m WARN[0m [2morbis_control[0m[2m:[0m gpu-power: refresh недоступен: BackendUnavailable("org.freedesktop.DBus.Error.Failed: org.freedesktop.DBus.Error.ServiceUnknown: The name is not activatable")
[2m2026-09-22T16:35:07.859399Z[0m [33m WARN[0m [2morbis_control[0m[2m:[0m product gpu status read failed; UI keeps previous evidence: Dbus("Signature mismatch: got `(uub)`, expected `(uuuub)`")
[2m2026-09-22T16:35:12.843831Z[0m [33m WARN[0m [2morbis_control[0m[2m:[0m gpu-power: refresh недоступен: BackendUnavailable("org.freedesktop.DBus.Error.Failed: org.freedesktop.DBus.Error.ServiceUnknown: The name is not activatable")
[2m2026-09-22T16:35:12.852838Z[0m [33m WARN[0m [2morbis_control[0m[2m:[0m product gpu status read failed; UI keeps previous evidence: Dbus("Signature mismatch: got `(uub)`, expected `(uuuub)`")
[2m2026-09-22T16:35:17.846702Z[0m [33m WARN[0m [2morbis_control[0m[2m:[0m gpu-power: refresh недоступен: BackendUnavailable("org.freedesktop.DBus.Error.Failed: org.freedesktop.DBus.Error.ServiceUnknown: The name is not activatable")
[2m2026-09-22T16:35:17.857835Z[0m [33m WARN[0m [2morbis_control[0m[2m:[0m product gpu status read failed; UI keeps previous evidence: Dbus("Signature mismatch: got `(uub)`, expected `(uuuub)`")
[2m2026-09-22T16:35:22.846405Z[0m [33m WARN[0m [2morbis_control[0m[2m:[0m gpu-power: refresh недоступен: BackendUnavailable("org.freedesktop.DBus.Error.Failed: org.freedesktop.DBus.Error.ServiceUnknown: The name is not activatable")
[2m2026-09-22T16:35:22.879974Z[0m [33m WARN[0m [2morbis_control[0m[2m:[0m product gpu status read failed; UI keeps previous evidence: Dbus("Signature mismatch: got `(uub)`, expected `(uuuub)`")
[2m2026-09-22T16:35:27.846768Z[0m [33m WARN[0m [2morbis_control[0m[2m:[0m gpu-power: refresh недоступен: BackendUnavailable("org.freedesktop.DBus.Error.Failed: org.freedesktop.DBus.Error.ServiceUnknown: The name is not activatable")
[2m2026-09-22T16:35:27.858132Z[0m [33m WARN[0m [2morbis_control[0m[2m:[0m product gpu status read failed; UI keeps previous evidence: Dbus("Signature mismatch: got `(uub)`, expected `(uuuub)`")
[2m2026-09-22T16:35:32.846437Z[0m [33m WARN[0m [2morbis_control[0m[2m:[0m gpu-power: refresh недоступен: BackendUnavailable("org.freedesktop.DBus.Error.Failed: org.freedesktop.DBus.Error.ServiceUnknown: The name is not activatable")
[2m2026-09-22T16:35:32.857912Z[0m [33m WARN[0m [2morbis_control[0m[2m:[0m product gpu status read failed; UI keeps previous evidence: Dbus("Signature mismatch: got `(uub)`, expected `(uuuub)`")
[2m2026-09-22T16:35:37.846442Z[0m [33m WARN[0m [2morbis_control[0m[2m:[0m gpu-power: refresh недоступен: BackendUnavailable("org.freedesktop.DBus.Error.Failed: org.freedesktop.DBus.Error.ServiceUnknown: The name is not activatable")
[2m2026-09-22T16:35:37.857540Z[0m [33m WARN[0m [2morbis_control[0m[2m:[0m product gpu status read failed; UI keeps previous evidence: Dbus("Signature mismatch: got `(uub)`, expected `(uuuub)`")
[2m2026-09-22T16:35:42.846308Z[0m [33m WARN[0m [2morbis_control[0m[2m:[0m gpu-power: refresh недоступен: BackendUnavailable("org.freedesktop.DBus.Error.Failed: org.freedesktop.DBus.Error.ServiceUnknown: The name is not activatable")
[2m2026-09-22T16:35:42.857600Z[0m [33m WARN[0m [2morbis_control[0m[2m:[0m product gpu status read failed; UI keeps previous evidence: Dbus("Signature mismatch: got `(uub)`, expected `(uuuub)`")
[2m2026-09-22T16:35:47.846487Z[0m [33m WARN[0m [2morbis_control[0m[2m:[0m gpu-power: refresh недоступен: BackendUnavailable("org.freedesktop.DBus.Error.Failed: org.freedesktop.DBus.Error.ServiceUnknown: The name is not activatable")
[2m2026-09-22T16:35:47.857009Z[0m [33m WARN[0m [2morbis_control[0m[2m:[0m product gpu status read failed; UI keeps previous evidence: Dbus("Signature mismatch: got `(uub)`, expected `(uuuub)`")
[2m2026-09-22T16:35:52.846988Z[0m [33m WARN[0m [2morbis_control[0m[2m:[0m gpu-power: refresh недоступен: BackendUnavailable("org.freedesktop.DBus.Error.Failed: org.freedesktop.DBus.Error.ServiceUnknown: The name is not activatable")
[2m2026-09-22T16:35:52.902053Z[0m [33m WARN[0m [2morbis_control[0m[2m:[0m product gpu status read failed; UI keeps previous evidence: Dbus("Signature mismatch: got `(uub)`, expected `(uuuub)`")
[2m2026-09-22T16:35:57.846502Z[0m [33m WARN[0m [2morbis_control[0m[2m:[0m gpu-power: refresh недоступен: BackendUnavailable("org.freedesktop.DBus.Error.Failed: org.freedesktop.DBus.Error.ServiceUnknown: The name is not activatable")
[2m2026-09-22T16:35:57.857289Z[0m [33m WARN[0m [2morbis_control[0m[2m:[0m product gpu status read failed; UI keeps previous evidence: Dbus("Signature mismatch: got `(uub)`, expected `(uuuub)`")
[2m2026-09-22T16:36:02.846373Z[0m [33m WARN[0m [2morbis_control[0m[2m:[0m gpu-power: refresh недоступен: BackendUnavailable("org.freedesktop.DBus.Error.Failed: org.freedesktop.DBus.Error.ServiceUnknown: The name is not activatable")
[2m2026-09-22T16:36:02.857611Z[0m [33m WARN[0m [2morbis_control[0m[2m:[0m product gpu status read failed; UI keeps previous evidence: Dbus("Signature mismatch: got `(uub)`, expected `(uuuub)`")
[2m2026-09-22T16:36:07.847612Z[0m [33m WARN[0m [2morbis_control[0m[2m:[0m gpu-power: refresh недоступен: BackendUnavailable("org.freedesktop.DBus.Error.Failed: org.freedesktop.DBus.Error.ServiceUnknown: The name is not activatable")
[2m2026-09-22T16:36:07.858020Z[0m [33m WARN[0m [2morbis_control[0m[2m:[0m product gpu status read failed; UI keeps previous evidence: Dbus("Signature mismatch: got `(uub)`, expected `(uuuub)`")
[2m2026-09-22T16:36:12.846509Z[0m [33m WARN[0m [2morbis_control[0m[2m:[0m gpu-power: refresh недоступен: BackendUnavailable("org.freedesktop.DBus.Error.Failed: org.freedesktop.DBus.Error.ServiceUnknown: The name is not activatable")
[2m2026-09-22T16:36:12.857737Z[0m [33m WARN[0m [2morbis_control[0m[2m:[0m product gpu status read failed; UI keeps previous evidence: Dbus("Signature mismatch: got `(uub)`, expected `(uuuub)`")
[2m2026-09-22T16:36:17.847465Z[0m [33m WARN[0m [2morbis_control[0m[2m:[0m gpu-power: refresh недоступен: BackendUnavailable("org.freedesktop.DBus.Error.Failed: org.freedesktop.DBus.Error.ServiceUnknown: The name is not activatable")
[2m2026-09-22T16:36:17.858337Z[0m [33m WARN[0m [2morbis_control[0m[2m:[0m product gpu status read failed; UI keeps previous evidence: Dbus("Signature mismatch: got `(uub)`, expected `(uuuub)`")
[2m2026-09-22T16:36:22.847138Z[0m [33m WARN[0m [2morbis_control[0m[2m:[0m gpu-power: refresh недоступен: BackendUnavailable("org.freedesktop.DBus.Error.Failed: org.freedesktop.DBus.Error.ServiceUnknown: The name is not activatable")
[2m2026-09-22T16:36:22.880702Z[0m [33m WARN[0m [2morbis_control[0m[2m:[0m product gpu status read failed; UI keeps previous evidence: Dbus("Signature mismatch: got `(uub)`, expected `(uuuub)`")
[2m2026-09-22T16:36:27.846972Z[0m [33m WARN[0m [2morbis_control[0m[2m:[0m gpu-power: refresh недоступен: BackendUnavailable("org.freedesktop.DBus.Error.Failed: org.freedesktop.DBus.Error.ServiceUnknown: The name is not activatable")
[2m2026-09-22T16:36:27.858074Z[0m [33m WARN[0m [2morbis_control[0m[2m:[0m product gpu status read failed; UI keeps previous evidence: Dbus("Signature mismatch: got `(uub)`, expected `(uuuub)`")
[2m2026-09-22T16:36:32.846738Z[0m [33m WARN[0m [2morbis_control[0m[2m:[0m gpu-power: refresh недоступен: BackendUnavailable("org.freedesktop.DBus.Error.Failed: org.freedesktop.DBus.Error.ServiceUnknown: The name is not activatable")
[2m2026-09-22T16:36:32.858428Z[0m [33m WARN[0m [2morbis_control[0m[2m:[0m product gpu status read failed; UI keeps previous evidence: Dbus("Signature mismatch: got `(uub)`, expected `(uuuub)`")
[2m2026-09-22T16:36:37.848700Z[0m [33m WARN[0m [2morbis_control[0m[2m:[0m gpu-power: refresh недоступен: BackendUnavailable("org.freedesktop.DBus.Error.Failed: org.freedesktop.DBus.Error.ServiceUnknown: The name is not activatable")
[2m2026-09-22T16:36:37.860486Z[0m [33m WARN[0m [2morbis_control[0m[2m:[0m product gpu status read failed; UI keeps previous evidence: Dbus("Signature mismatch: got `(uub)`, expected `(uuuub)`")
[2m2026-09-22T16:36:42.847324Z[0m [33m WARN[0m [2morbis_control[0m[2m:[0m gpu-power: refresh недоступен: BackendUnavailable("org.freedesktop.DBus.Error.Failed: org.freedesktop.DBus.Error.ServiceUnknown: The name is not activatable")
[2m2026-09-22T16:36:42.858079Z[0m [33m WARN[0m [2morbis_control[0m[2m:[0m product gpu status read failed; UI keeps previous evidence: Dbus("Signature mismatch: got `(uub)`, expected `(uuuub)`")
[2m2026-09-22T16:36:47.846608Z[0m [33m WARN[0m [2morbis_control[0m[2m:[0m gpu-power: refresh недоступен: BackendUnavailable("org.freedesktop.DBus.Error.Failed: org.freedesktop.DBus.Error.ServiceUnknown: The name is not activatable")
[2m2026-09-22T16:36:47.857199Z[0m [33m WARN[0m [2morbis_control[0m[2m:[0m product gpu status read failed; UI keeps previous evidence: Dbus("Signature mismatch: got `(uub)`, expected `(uuuub)`")
[2m2026-09-22T16:36:52.847242Z[0m [33m WARN[0m [2morbis_control[0m[2m:[0m gpu-power: refresh недоступен: BackendUnavailable("org.freedesktop.DBus.Error.Failed: org.freedesktop.DBus.Error.ServiceUnknown: The name is not activatable")
[2m2026-09-22T16:36:52.906924Z[0m [33m WARN[0m [2morbis_control[0m[2m:[0m product gpu status read failed; UI keeps previous evidence: Dbus("Signature mismatch: got `(uub)`, expected `(uuuub)`")
[2m2026-09-22T16:36:57.846700Z[0m [33m WARN[0m [2morbis_control[0m[2m:[0m gpu-power: refresh недоступен: BackendUnavailable("org.freedesktop.DBus.Error.Failed: org.freedesktop.DBus.Error.ServiceUnknown: The name is not activatable")
[2m2026-09-22T16:36:57.858029Z[0m [33m WARN[0m [2morbis_control[0m[2m:[0m product gpu status read failed; UI keeps previous evidence: Dbus("Signature mismatch: got `(uub)`, expected `(uuuub)`")
[2m2026-09-22T16:37:02.847234Z[0m [33m WARN[0m [2morbis_control[0m[2m:[0m gpu-power: refresh недоступен: BackendUnavailable("org.freedesktop.DBus.Error.Failed: org.freedesktop.DBus.Error.ServiceUnknown: The name is not activatable")
[2m2026-09-22T16:37:02.858222Z[0m [33m WARN[0m [2morbis_control[0m[2m:[0m product gpu status read failed; UI keeps previous evidence: Dbus("Signature mismatch: got `(uub)`, expected `(uuuub)`")
[2m2026-09-22T16:37:07.848808Z[0m [33m WARN[0m [2morbis_control[0m[2m:[0m gpu-power: refresh недоступен: BackendUnavailable("org.freedesktop.DBus.Error.Failed: org.freedesktop.DBus.Error.ServiceUnknown: The name is not activatable")
[2m2026-09-22T16:37:07.859646Z[0m [33m WARN[0m [2morbis_control[0m[2m:[0m product gpu status read failed; UI keeps previous evidence: Dbus("Signature mismatch: got `(uub)`, expected `(uuuub)`")
[2m2026-09-22T16:37:12.847186Z[0m [33m WARN[0m [2morbis_control[0m[2m:[0m gpu-power: refresh недоступен: BackendUnavailable("org.freedesktop.DBus.Error.Failed: org.freedesktop.DBus.Error.ServiceUnknown: The name is not activatable")
[2m2026-09-22T16:37:12.857958Z[0m [33m WARN[0m [2morbis_control[0m[2m:[0m product gpu status read failed; UI keeps previous evidence: Dbus("Signature mismatch: got `(uub)`, expected `(uuuub)`")
[2m2026-09-22T16:37:17.847094Z[0m [33m WARN[0m [2morbis_control[0m[2m:[0m gpu-power: refresh недоступен: BackendUnavailable("org.freedesktop.DBus.Error.Failed: org.freedesktop.DBus.Error.ServiceUnknown: The name is not activatable")
[2m2026-09-22T16:37:17.858731Z[0m [33m WARN[0m [2morbis_control[0m[2m:[0m product gpu status read failed; UI keeps previous evidence: Dbus("Signature mismatch: got `(uub)`, expected `(uuuub)`")
[2m2026-09-22T16:37:22.846922Z[0m [33m WARN[0m [2morbis_control[0m[2m:[0m gpu-power: refresh недоступен: BackendUnavailable("org.freedesktop.DBus.Error.Failed: org.freedesktop.DBus.Error.ServiceUnknown: The name is not activatable")
[2m2026-09-22T16:37:22.879904Z[0m [33m WARN[0m [2morbis_control[0m[2m:[0m product gpu status read failed; UI keeps previous evidence: Dbus("Signature mismatch: got `(uub)`, expected `(uuuub)`")
[2m2026-09-22T16:37:27.846874Z[0m [33m WARN[0m [2morbis_control[0m[2m:[0m gpu-power: refresh недоступен: BackendUnavailable("org.freedesktop.DBus.Error.Failed: org.freedesktop.DBus.Error.ServiceUnknown: The name is not activatable")
[2m2026-09-22T16:37:27.858005Z[0m [33m WARN[0m [2morbis_control[0m[2m:[0m product gpu status read failed; UI keeps previous evidence: Dbus("Signature mismatch: got `(uub)`, expected `(uuuub)`")
[2m2026-09-22T16:37:32.846264Z[0m [33m WARN[0m [2morbis_control[0m[2m:[0m gpu-power: refresh недоступен: BackendUnavailable("org.freedesktop.DBus.Error.Failed: org.freedesktop.DBus.Error.ServiceUnknown: The name is not activatable")
[2m2026-09-22T16:37:32.857955Z[0m [33m WARN[0m [2morbis_control[0m[2m:[0m product gpu status read failed; UI keeps previous evidence: Dbus("Signature mismatch: got `(uub)`, expected `(uuuub)`")
[2m2026-09-22T16:37:37.847170Z[0m [33m WARN[0m [2morbis_control[0m[2m:[0m gpu-power: refresh недоступен: BackendUnavailable("org.freedesktop.DBus.Error.Failed: org.freedesktop.DBus.Error.ServiceUnknown: The name is not activatable")
[2m2026-09-22T16:37:37.858267Z[0m [33m WARN[0m [2morbis_control[0m[2m:[0m product gpu status read failed; UI keeps previous evidence: Dbus("Signature mismatch: got `(uub)`, expected `(uuuub)`")
[2m2026-09-22T16:37:42.846992Z[0m [33m WARN[0m [2morbis_control[0m[2m:[0m gpu-power: refresh недоступен: BackendUnavailable("org.freedesktop.DBus.Error.Failed: org.freedesktop.DBus.Error.ServiceUnknown: The name is not activatable")
[2m2026-09-22T16:37:42.858918Z[0m [33m WARN[0m [2morbis_control[0m[2m:[0m product gpu status read failed; UI keeps previous evidence: Dbus("Signature mismatch: got `(uub)`, expected `(uuuub)`")
[2m2026-09-22T16:37:47.846828Z[0m [33m WARN[0m [2morbis_control[0m[2m:[0m gpu-power: refresh недоступен: BackendUnavailable("org.freedesktop.DBus.Error.Failed: org.freedesktop.DBus.Error.ServiceUnknown: The name is not activatable")
[2m2026-09-22T16:37:47.857651Z[0m [33m WARN[0m [2morbis_control[0m[2m:[0m product gpu status read failed; UI keeps previous evidence: Dbus("Signature mismatch: got `(uub)`, expected `(uuuub)`")
[2m2026-09-22T16:37:52.846533Z[0m [33m WARN[0m [2morbis_control[0m[2m:[0m gpu-power: refresh недоступен: BackendUnavailable("org.freedesktop.DBus.Error.Failed: org.freedesktop.DBus.Error.ServiceUnknown: The name is not activatable")
[2m2026-09-22T16:37:52.901502Z[0m [33m WARN[0m [2morbis_control[0m[2m:[0m product gpu status read failed; UI keeps previous evidence: Dbus("Signature mismatch: got `(uub)`, expected `(uuuub)`")
[2m2026-09-22T16:37:57.847033Z[0m [33m WARN[0m [2morbis_control[0m[2m:[0m gpu-power: refresh недоступен: BackendUnavailable("org.freedesktop.DBus.Error.Failed: org.freedesktop.DBus.Error.ServiceUnknown: The name is not activatable")
[2m2026-09-22T16:37:57.858300Z[0m [33m WARN[0m [2morbis_control[0m[2m:[0m product gpu status read failed; UI keeps previous evidence: Dbus("Signature mismatch: got `(uub)`, expected `(uuuub)`")
[2m2026-09-22T16:38:02.846452Z[0m [33m WARN[0m [2morbis_control[0m[2m:[0m gpu-power: refresh недоступен: BackendUnavailable("org.freedesktop.DBus.Error.Failed: org.freedesktop.DBus.Error.ServiceUnknown: The name is not activatable")
[2m2026-09-22T16:38:02.856839Z[0m [33m WARN[0m [2morbis_control[0m[2m:[0m product gpu status read failed; UI keeps previous evidence: Dbus("Signature mismatch: got `(uub)`, expected `(uuuub)`")
[2m2026-09-22T16:38:07.846470Z[0m [33m WARN[0m [2morbis_control[0m[2m:[0m gpu-power: refresh недоступен: BackendUnavailable("org.freedesktop.DBus.Error.Failed: org.freedesktop.DBus.Error.ServiceUnknown: The name is not activatable")
[2m2026-09-22T16:38:07.857485Z[0m [33m WARN[0m [2morbis_control[0m[2m:[0m product gpu status read failed; UI keeps previous evidence: Dbus("Signature mismatch: got `(uub)`, expected `(uuuub)`")
[2m2026-09-22T16:38:12.846703Z[0m [33m WARN[0m [2morbis_control[0m[2m:[0m gpu-power: refresh недоступен: BackendUnavailable("org.freedesktop.DBus.Error.Failed: org.freedesktop.DBus.Error.ServiceUnknown: The name is not activatable")
[2m2026-09-22T16:38:12.858122Z[0m [33m WARN[0m [2morbis_control[0m[2m:[0m product gpu status read failed; UI keeps previous evidence: Dbus("Signature mismatch: got `(uub)`, expected `(uuuub)`")
[2m2026-09-22T16:38:17.846604Z[0m [33m WARN[0m [2morbis_control[0m[2m:[0m gpu-power: refresh недоступен: BackendUnavailable("org.freedesktop.DBus.Error.Failed: org.freedesktop.DBus.Error.ServiceUnknown: The name is not activatable")
[2m2026-09-22T16:38:17.857866Z[0m [33m WARN[0m [2morbis_control[0m[2m:[0m product gpu status read failed; UI keeps previous evidence: Dbus("Signature mismatch: got `(uub)`, expected `(uuuub)`")
[2m2026-09-22T16:38:22.846029Z[0m [33m WARN[0m [2morbis_control[0m[2m:[0m gpu-power: refresh недоступен: BackendUnavailable("org.freedesktop.DBus.Error.Failed: org.freedesktop.DBus.Error.ServiceUnknown: The name is not activatable")
[2m2026-09-22T16:38:22.872282Z[0m [33m WARN[0m [2morbis_control[0m[2m:[0m product gpu status read failed; UI keeps previous evidence: Dbus("Signature mismatch: got `(uub)`, expected `(uuuub)`")
[2m2026-09-22T16:38:27.846693Z[0m [33m WARN[0m [2morbis_control[0m[2m:[0m gpu-power: refresh недоступен: BackendUnavailable("org.freedesktop.DBus.Error.Failed: org.freedesktop.DBus.Error.ServiceUnknown: The name is not activatable")
[2m2026-09-22T16:38:27.857925Z[0m [33m WARN[0m [2morbis_control[0m[2m:[0m product gpu status read failed; UI keeps previous evidence: Dbus("Signature mismatch: got `(uub)`, expected `(uuuub)`")
[2m2026-09-22T16:38:32.846908Z[0m [33m WARN[0m [2morbis_control[0m[2m:[0m gpu-power: refresh недоступен: BackendUnavailable("org.freedesktop.DBus.Error.Failed: org.freedesktop.DBus.Error.ServiceUnknown: The name is not activatable")
[2m2026-09-22T16:38:32.858154Z[0m [33m WARN[0m [2morbis_control[0m[2m:[0m product gpu status read failed; UI keeps previous evidence: Dbus("Signature mismatch: got `(uub)`, expected `(uuuub)`")
[2m2026-09-22T16:38:37.846383Z[0m [33m WARN[0m [2morbis_control[0m[2m:[0m gpu-power: refresh недоступен: BackendUnavailable("org.freedesktop.DBus.Error.Failed: org.freedesktop.DBus.Error.ServiceUnknown: The name is not activatable")
[2m2026-09-22T16:38:37.857758Z[0m [33m WARN[0m [2morbis_control[0m[2m:[0m product gpu status read failed; UI keeps previous evidence: Dbus("Signature mismatch: got `(uub)`, expected `(uuuub)`")
[2m2026-09-22T16:38:42.847509Z[0m [33m WARN[0m [2morbis_control[0m[2m:[0m gpu-power: refresh недоступен: BackendUnavailable("org.freedesktop.DBus.Error.Failed: org.freedesktop.DBus.Error.ServiceUnknown: The name is not activatable")
[2m2026-09-22T16:38:42.858786Z[0m [33m WARN[0m [2morbis_control[0m[2m:[0m product gpu status read failed; UI keeps previous evidence: Dbus("Signature mismatch: got `(uub)`, expected `(uuuub)`")
[2m2026-09-22T16:38:47.846816Z[0m [33m WARN[0m [2morbis_control[0m[2m:[0m gpu-power: refresh недоступен: BackendUnavailable("org.freedesktop.DBus.Error.Failed: org.freedesktop.DBus.Error.ServiceUnknown: The name is not activatable")
[2m2026-09-22T16:38:47.857663Z[0m [33m WARN[0m [2morbis_control[0m[2m:[0m product gpu status read failed; UI keeps previous evidence: Dbus("Signature mismatch: got `(uub)`, expected `(uuuub)`")
[2m2026-09-22T16:38:52.846736Z[0m [33m WARN[0m [2morbis_control[0m[2m:[0m gpu-power: refresh недоступен: BackendUnavailable("org.freedesktop.DBus.Error.Failed: org.freedesktop.DBus.Error.ServiceUnknown: The name is not activatable")
[2m2026-09-22T16:38:52.902258Z[0m [33m WARN[0m [2morbis_control[0m[2m:[0m product gpu status read failed; UI keeps previous evidence: Dbus("Signature mismatch: got `(uub)`, expected `(uuuub)`")
[2m2026-09-22T16:38:57.847311Z[0m [33m WARN[0m [2morbis_control[0m[2m:[0m gpu-power: refresh недоступен: BackendUnavailable("org.freedesktop.DBus.Error.Failed: org.freedesktop.DBus.Error.ServiceUnknown: The name is not activatable")
[2m2026-09-22T16:38:57.858094Z[0m [33m WARN[0m [2morbis_control[0m[2m:[0m product gpu status read failed; UI keeps previous evidence: Dbus("Signature mismatch: got `(uub)`, expected `(uuuub)`")
[2m2026-09-22T16:39:02.846952Z[0m [33m WARN[0m [2morbis_control[0m[2m:[0m gpu-power: refresh недоступен: BackendUnavailable("org.freedesktop.DBus.Error.Failed: org.freedesktop.DBus.Error.ServiceUnknown: The name is not activatable")
[2m2026-09-22T16:39:02.858082Z[0m [33m WARN[0m [2morbis_control[0m[2m:[0m product gpu status read failed; UI keeps previous evidence: Dbus("Signature mismatch: got `(uub)`, expected `(uuuub)`")
[2m2026-09-22T16:39:07.847484Z[0m [33m WARN[0m [2morbis_control[0m[2m:[0m gpu-power: refresh недоступен: BackendUnavailable("org.freedesktop.DBus.Error.Failed: org.freedesktop.DBus.Error.ServiceUnknown: The name is not activatable")
[2m2026-09-22T16:39:07.858976Z[0m [33m WARN[0m [2morbis_control[0m[2m:[0m product gpu status read failed; UI keeps previous evidence: Dbus("Signature mismatch: got `(uub)`, expected `(uuuub)`")
[2m2026-09-22T16:39:12.846992Z[0m [33m WARN[0m [2morbis_control[0m[2m:[0m gpu-power: refresh недоступен: BackendUnavailable("org.freedesktop.DBus.Error.Failed: org.freedesktop.DBus.Error.ServiceUnknown: The name is not activatable")
[2m2026-09-22T16:39:12.858288Z[0m [33m WARN[0m [2morbis_control[0m[2m:[0m product gpu status read failed; UI keeps previous evidence: Dbus("Signature mismatch: got `(uub)`, expected `(uuuub)`")
[2m2026-09-22T16:39:17.847336Z[0m [33m WARN[0m [2morbis_control[0m[2m:[0m gpu-power: refresh недоступен: BackendUnavailable("org.freedesktop.DBus.Error.Failed: org.freedesktop.DBus.Error.ServiceUnknown: The name is not activatable")
[2m2026-09-22T16:39:17.858391Z[0m [33m WARN[0m [2morbis_control[0m[2m:[0m product gpu status read failed; UI keeps previous evidence: Dbus("Signature mismatch: got `(uub)`, expected `(uuuub)`")
[2m2026-09-22T16:39:22.846462Z[0m [33m WARN[0m [2morbis_control[0m[2m:[0m gpu-power: refresh недоступен: BackendUnavailable("org.freedesktop.DBus.Error.Failed: org.freedesktop.DBus.Error.ServiceUnknown: The name is not activatable")
[2m2026-09-22T16:39:22.880192Z[0m [33m WARN[0m [2morbis_control[0m[2m:[0m product gpu status read failed; UI keeps previous evidence: Dbus("Signature mismatch: got `(uub)`, expected `(uuuub)`")
[2m2026-09-22T16:39:27.846712Z[0m [33m WARN[0m [2morbis_control[0m[2m:[0m gpu-power: refresh недоступен: BackendUnavailable("org.freedesktop.DBus.Error.Failed: org.freedesktop.DBus.Error.ServiceUnknown: The name is not activatable")
[2m2026-09-22T16:39:27.858041Z[0m [33m WARN[0m [2morbis_control[0m[2m:[0m product gpu status read failed; UI keeps previous evidence: Dbus("Signature mismatch: got `(uub)`, expected `(uuuub)`")
[2m2026-09-22T16:39:32.846351Z[0m [33m WARN[0m [2morbis_control[0m[2m:[0m gpu-power: refresh недоступен: BackendUnavailable("org.freedesktop.DBus.Error.Failed: org.freedesktop.DBus.Error.ServiceUnknown: The name is not activatable")
[2m2026-09-22T16:39:32.857220Z[0m [33m WARN[0m [2morbis_control[0m[2m:[0m product gpu status read failed; UI keeps previous evidence: Dbus("Signature mismatch: got `(uub)`, expected `(uuuub)`")
[2m2026-09-22T16:39:37.846607Z[0m [33m WARN[0m [2morbis_control[0m[2m:[0m gpu-power: refresh недоступен: BackendUnavailable("org.freedesktop.DBus.Error.Failed: org.freedesktop.DBus.Error.ServiceUnknown: The name is not activatable")
[2m2026-09-22T16:39:37.857570Z[0m [33m WARN[0m [2morbis_control[0m[2m:[0m product gpu status read failed; UI keeps previous evidence: Dbus("Signature mismatch: got `(uub)`, expected `(uuuub)`")
[2m2026-09-22T16:39:42.846483Z[0m [33m WARN[0m [2morbis_control[0m[2m:[0m gpu-power: refresh недоступен: BackendUnavailable("org.freedesktop.DBus.Error.Failed: org.freedesktop.DBus.Error.ServiceUnknown: The name is not activatable")
[2m2026-09-22T16:39:42.857464Z[0m [33m WARN[0m [2morbis_control[0m[2m:[0m product gpu status read failed; UI keeps previous evidence: Dbus("Signature mismatch: got `(uub)`, expected `(uuuub)`")
[2m2026-09-22T16:39:47.847024Z[0m [33m WARN[0m [2morbis_control[0m[2m:[0m gpu-power: refresh недоступен: BackendUnavailable("org.freedesktop.DBus.Error.Failed: org.freedesktop.DBus.Error.ServiceUnknown: The name is not activatable")
[2m2026-09-22T16:39:47.858296Z[0m [33m WARN[0m [2morbis_control[0m[2m:[0m product gpu status read failed; UI keeps previous evidence: Dbus("Signature mismatch: got `(uub)`, expected `(uuuub)`")
[2m2026-09-22T16:39:52.846880Z[0m [33m WARN[0m [2morbis_control[0m[2m:[0m gpu-power: refresh недоступен: BackendUnavailable("org.freedesktop.DBus.Error.Failed: org.freedesktop.DBus.Error.ServiceUnknown: The name is not activatable")
[2m2026-09-22T16:39:52.880954Z[0m [33m WARN[0m [2morbis_control[0m[2m:[0m product gpu status read failed; UI keeps previous evidence: Dbus("Signature mismatch: got `(uub)`, expected `(uuuub)`")
[2m2026-09-22T16:39:57.846800Z[0m [33m WARN[0m [2morbis_control[0m[2m:[0m gpu-power: refresh недоступен: BackendUnavailable("org.freedesktop.DBus.Error.Failed: org.freedesktop.DBus.Error.ServiceUnknown: The name is not activatable")
[2m2026-09-22T16:39:57.858713Z[0m [33m WARN[0m [2morbis_control[0m[2m:[0m product gpu status read failed; UI keeps previous evidence: Dbus("Signature mismatch: got `(uub)`, expected `(uuuub)`")
[2m2026-09-22T16:40:02.846829Z[0m [33m WARN[0m [2morbis_control[0m[2m:[0m gpu-power: refresh недоступен: BackendUnavailable("org.freedesktop.DBus.Error.Failed: org.freedesktop.DBus.Error.ServiceUnknown: The name is not activatable")
[2m2026-09-22T16:40:02.858474Z[0m [33m WARN[0m [2morbis_control[0m[2m:[0m product gpu status read failed; UI keeps previous evidence: Dbus("Signature mismatch: got `(uub)`, expected `(uuuub)`")
[2m2026-09-22T16:40:07.846826Z[0m [33m WARN[0m [2morbis_control[0m[2m:[0m gpu-power: refresh недоступен: BackendUnavailable("org.freedesktop.DBus.Error.Failed: org.freedesktop.DBus.Error.ServiceUnknown: The name is not activatable")
[2m2026-09-22T16:40:07.857817Z[0m [33m WARN[0m [2morbis_control[0m[2m:[0m product gpu status read failed; UI keeps previous evidence: Dbus("Signature mismatch: got `(uub)`, expected `(uuuub)`")
[2m2026-09-22T16:40:12.847036Z[0m [33m WARN[0m [2morbis_control[0m[2m:[0m gpu-power: refresh недоступен: BackendUnavailable("org.freedesktop.DBus.Error.Failed: org.freedesktop.DBus.Error.ServiceUnknown: The name is not activatable")
[2m2026-09-22T16:40:12.857884Z[0m [33m WARN[0m [2morbis_control[0m[2m:[0m product gpu status read failed; UI keeps previous evidence: Dbus("Signature mismatch: got `(uub)`, expected `(uuuub)`")
[2m2026-09-22T16:40:17.845570Z[0m [33m WARN[0m [2morbis_control[0m[2m:[0m gpu-power: refresh недоступен: BackendUnavailable("org.freedesktop.DBus.Error.Failed: org.freedesktop.DBus.Error.ServiceUnknown: The name is not activatable")
[2m2026-09-22T16:40:17.855590Z[0m [33m WARN[0m [2morbis_control[0m[2m:[0m product gpu status read failed; UI keeps previous evidence: Dbus("Signature mismatch: got `(uub)`, expected `(uuuub)`")
[2m2026-09-22T16:40:22.847258Z[0m [33m WARN[0m [2morbis_control[0m[2m:[0m gpu-power: refresh недоступен: BackendUnavailable("org.freedesktop.DBus.Error.Failed: org.freedesktop.DBus.Error.ServiceUnknown: The name is not activatable")
[2m2026-09-22T16:40:22.901156Z[0m [33m WARN[0m [2morbis_control[0m[2m:[0m product gpu status read failed; UI keeps previous evidence: Dbus("Signature mismatch: got `(uub)`, expected `(uuuub)`")
[2m2026-09-22T16:40:27.846543Z[0m [33m WARN[0m [2morbis_control[0m[2m:[0m gpu-power: refresh недоступен: BackendUnavailable("org.freedesktop.DBus.Error.Failed: org.freedesktop.DBus.Error.ServiceUnknown: The name is not activatable")
[2m2026-09-22T16:40:27.856865Z[0m [33m WARN[0m [2morbis_control[0m[2m:[0m product gpu status read failed; UI keeps previous evidence: Dbus("Signature mismatch: got `(uub)`, expected `(uuuub)`")
[2m2026-09-22T16:40:32.846862Z[0m [33m WARN[0m [2morbis_control[0m[2m:[0m gpu-power: refresh недоступен: BackendUnavailable("org.freedesktop.DBus.Error.Failed: org.freedesktop.DBus.Error.ServiceUnknown: The name is not activatable")
[2m2026-09-22T16:40:32.858745Z[0m [33m WARN[0m [2morbis_control[0m[2m:[0m product gpu status read failed; UI keeps previous evidence: Dbus("Signature mismatch: got `(uub)`, expected `(uuuub)`")
[2m2026-09-22T16:40:37.846603Z[0m [33m WARN[0m [2morbis_control[0m[2m:[0m gpu-power: refresh недоступен: BackendUnavailable("org.freedesktop.DBus.Error.Failed: org.freedesktop.DBus.Error.ServiceUnknown: The name is not activatable")
[2m2026-09-22T16:40:37.857418Z[0m [33m WARN[0m [2morbis_control[0m[2m:[0m product gpu status read failed; UI keeps previous evidence: Dbus("Signature mismatch: got `(uub)`, expected `(uuuub)`")
[2m2026-09-22T16:40:42.846606Z[0m [33m WARN[0m [2morbis_control[0m[2m:[0m gpu-power: refresh недоступен: BackendUnavailable("org.freedesktop.DBus.Error.Failed: org.freedesktop.DBus.Error.ServiceUnknown: The name is not activatable")
[2m2026-09-22T16:40:42.858215Z[0m [33m WARN[0m [2morbis_control[0m[2m:[0m product gpu status read failed; UI keeps previous evidence: Dbus("Signature mismatch: got `(uub)`, expected `(uuuub)`")
[2m2026-09-22T16:40:47.846966Z[0m [33m WARN[0m [2morbis_control[0m[2m:[0m gpu-power: refresh недоступен: BackendUnavailable("org.freedesktop.DBus.Error.Failed: org.freedesktop.DBus.Error.ServiceUnknown: The name is not activatable")
[2m2026-09-22T16:40:47.858173Z[0m [33m WARN[0m [2morbis_control[0m[2m:[0m product gpu status read failed; UI keeps previous evidence: Dbus("Signature mismatch: got `(uub)`, expected `(uuuub)`")
[2m2026-09-22T16:40:52.846979Z[0m [33m WARN[0m [2morbis_control[0m[2m:[0m gpu-power: refresh недоступен: BackendUnavailable("org.freedesktop.DBus.Error.Failed: org.freedesktop.DBus.Error.ServiceUnknown: The name is not activatable")
[2m2026-09-22T16:40:52.902820Z[0m [33m WARN[0m [2morbis_control[0m[2m:[0m product gpu status read failed; UI keeps previous evidence: Dbus("Signature mismatch: got `(uub)`, expected `(uuuub)`")
[2m2026-09-22T16:40:57.846809Z[0m [33m WARN[0m [2morbis_control[0m[2m:[0m gpu-power: refresh недоступен: BackendUnavailable("org.freedesktop.DBus.Error.Failed: org.freedesktop.DBus.Error.ServiceUnknown: The name is not activatable")
[2m2026-09-22T16:40:57.858001Z[0m [33m WARN[0m [2morbis_control[0m[2m:[0m product gpu status read failed; UI keeps previous evidence: Dbus("Signature mismatch: got `(uub)`, expected `(uuuub)`")
[2m2026-09-22T16:41:02.846641Z[0m [33m WARN[0m [2morbis_control[0m[2m:[0m gpu-power: refresh недоступен: BackendUnavailable("org.freedesktop.DBus.Error.Failed: org.freedesktop.DBus.Error.ServiceUnknown: The name is not activatable")
[2m2026-09-22T16:41:02.858123Z[0m [33m WARN[0m [2morbis_control[0m[2m:[0m product gpu status read failed; UI keeps previous evidence: Dbus("Signature mismatch: got `(uub)`, expected `(uuuub)`")
[2m2026-09-22T16:41:07.847471Z[0m [33m WARN[0m [2morbis_control[0m[2m:[0m gpu-power: refresh недоступен: BackendUnavailable("org.freedesktop.DBus.Error.Failed: org.freedesktop.DBus.Error.ServiceUnknown: The name is not activatable")
[2m2026-09-22T16:41:07.857849Z[0m [33m WARN[0m [2morbis_control[0m[2m:[0m product gpu status read failed; UI keeps previous evidence: Dbus("Signature mismatch: got `(uub)`, expected `(uuuub)`")
[2m2026-09-22T16:41:12.846421Z[0m [33m WARN[0m [2morbis_control[0m[2m:[0m gpu-power: refresh недоступен: BackendUnavailable("org.freedesktop.DBus.Error.Failed: org.freedesktop.DBus.Error.ServiceUnknown: The name is not activatable")
[2m2026-09-22T16:41:12.857635Z[0m [33m WARN[0m [2morbis_control[0m[2m:[0m product gpu status read failed; UI keeps previous evidence: Dbus("Signature mismatch: got `(uub)`, expected `(uuuub)`")
[2m2026-09-22T16:41:17.846749Z[0m [33m WARN[0m [2morbis_control[0m[2m:[0m gpu-power: refresh недоступен: BackendUnavailable("org.freedesktop.DBus.Error.Failed: org.freedesktop.DBus.Error.ServiceUnknown: The name is not activatable")
[2m2026-09-22T16:41:17.857923Z[0m [33m WARN[0m [2morbis_control[0m[2m:[0m product gpu status read failed; UI keeps previous evidence: Dbus("Signature mismatch: got `(uub)`, expected `(uuuub)`")
[2m2026-09-22T16:41:22.846514Z[0m [33m WARN[0m [2morbis_control[0m[2m:[0m gpu-power: refresh недоступен: BackendUnavailable("org.freedesktop.DBus.Error.Failed: org.freedesktop.DBus.Error.ServiceUnknown: The name is not activatable")
[2m2026-09-22T16:41:22.879670Z[0m [33m WARN[0m [2morbis_control[0m[2m:[0m product gpu status read failed; UI keeps previous evidence: Dbus("Signature mismatch: got `(uub)`, expected `(uuuub)`")
[2m2026-09-22T16:41:27.846612Z[0m [33m WARN[0m [2morbis_control[0m[2m:[0m gpu-power: refresh недоступен: BackendUnavailable("org.freedesktop.DBus.Error.Failed: org.freedesktop.DBus.Error.ServiceUnknown: The name is not activatable")
[2m2026-09-22T16:41:27.857581Z[0m [33m WARN[0m [2morbis_control[0m[2m:[0m product gpu status read failed; UI keeps previous evidence: Dbus("Signature mismatch: got `(uub)`, expected `(uuuub)`")
[2m2026-09-22T16:41:32.846273Z[0m [33m WARN[0m [2morbis_control[0m[2m:[0m gpu-power: refresh недоступен: BackendUnavailable("org.freedesktop.DBus.Error.Failed: org.freedesktop.DBus.Error.ServiceUnknown: The name is not activatable")
[2m2026-09-22T16:41:32.857445Z[0m [33m WARN[0m [2morbis_control[0m[2m:[0m product gpu status read failed; UI keeps previous evidence: Dbus("Signature mismatch: got `(uub)`, expected `(uuuub)`")
[2m2026-09-22T16:41:37.846792Z[0m [33m WARN[0m [2morbis_control[0m[2m:[0m gpu-power: refresh недоступен: BackendUnavailable("org.freedesktop.DBus.Error.Failed: org.freedesktop.DBus.Error.ServiceUnknown: The name is not activatable")
[2m2026-09-22T16:41:37.858179Z[0m [33m WARN[0m [2morbis_control[0m[2m:[0m product gpu status read failed; UI keeps previous evidence: Dbus("Signature mismatch: got `(uub)`, expected `(uuuub)`")
[2m2026-09-22T16:41:42.846594Z[0m [33m WARN[0m [2morbis_control[0m[2m:[0m gpu-power: refresh недоступен: BackendUnavailable("org.freedesktop.DBus.Error.Failed: org.freedesktop.DBus.Error.ServiceUnknown: The name is not activatable")
[2m2026-09-22T16:41:42.857791Z[0m [33m WARN[0m [2morbis_control[0m[2m:[0m product gpu status read failed; UI keeps previous evidence: Dbus("Signature mismatch: got `(uub)`, expected `(uuuub)`")
[2m2026-09-22T16:41:47.846784Z[0m [33m WARN[0m [2morbis_control[0m[2m:[0m gpu-power: refresh недоступен: BackendUnavailable("org.freedesktop.DBus.Error.Failed: org.freedesktop.DBus.Error.ServiceUnknown: The name is not activatable")
[2m2026-09-22T16:41:47.857504Z[0m [33m WARN[0m [2morbis_control[0m[2m:[0m product gpu status read failed; UI keeps previous evidence: Dbus("Signature mismatch: got `(uub)`, expected `(uuuub)`")
[2m2026-09-22T16:41:52.846922Z[0m [33m WARN[0m [2morbis_control[0m[2m:[0m gpu-power: refresh недоступен: BackendUnavailable("org.freedesktop.DBus.Error.Failed: org.freedesktop.DBus.Error.ServiceUnknown: The name is not activatable")
[2m2026-09-22T16:41:52.902008Z[0m [33m WARN[0m [2morbis_control[0m[2m:[0m product gpu status read failed; UI keeps previous evidence: Dbus("Signature mismatch: got `(uub)`, expected `(uuuub)`")
[2m2026-09-22T16:41:57.846960Z[0m [33m WARN[0m [2morbis_control[0m[2m:[0m gpu-power: refresh недоступен: BackendUnavailable("org.freedesktop.DBus.Error.Failed: org.freedesktop.DBus.Error.ServiceUnknown: The name is not activatable")
[2m2026-09-22T16:41:57.858700Z[0m [33m WARN[0m [2morbis_control[0m[2m:[0m product gpu status read failed; UI keeps previous evidence: Dbus("Signature mismatch: got `(uub)`, expected `(uuuub)`")
[2m2026-09-22T16:42:02.847446Z[0m [33m WARN[0m [2morbis_control[0m[2m:[0m gpu-power: refresh недоступен: BackendUnavailable("org.freedesktop.DBus.Error.Failed: org.freedesktop.DBus.Error.ServiceUnknown: The name is not activatable")
[2m2026-09-22T16:42:02.858636Z[0m [33m WARN[0m [2morbis_control[0m[2m:[0m product gpu status read failed; UI keeps previous evidence: Dbus("Signature mismatch: got `(uub)`, expected `(uuuub)`")
[2m2026-09-22T16:42:07.846514Z[0m [33m WARN[0m [2morbis_control[0m[2m:[0m gpu-power: refresh недоступен: BackendUnavailable("org.freedesktop.DBus.Error.Failed: org.freedesktop.DBus.Error.ServiceUnknown: The name is not activatable")
[2m2026-09-22T16:42:07.857032Z[0m [33m WARN[0m [2morbis_control[0m[2m:[0m product gpu status read failed; UI keeps previous evidence: Dbus("Signature mismatch: got `(uub)`, expected `(uuuub)`")
[2m2026-09-22T16:42:12.846241Z[0m [33m WARN[0m [2morbis_control[0m[2m:[0m gpu-power: refresh недоступен: BackendUnavailable("org.freedesktop.DBus.Error.Failed: org.freedesktop.DBus.Error.ServiceUnknown: The name is not activatable")
[2m2026-09-22T16:42:12.857826Z[0m [33m WARN[0m [2morbis_control[0m[2m:[0m product gpu status read failed; UI keeps previous evidence: Dbus("Signature mismatch: got `(uub)`, expected `(uuuub)`")
[2m2026-09-22T16:42:17.846731Z[0m [33m WARN[0m [2morbis_control[0m[2m:[0m gpu-power: refresh недоступен: BackendUnavailable("org.freedesktop.DBus.Error.Failed: org.freedesktop.DBus.Error.ServiceUnknown: The name is not activatable")
[2m2026-09-22T16:42:17.858194Z[0m [33m WARN[0m [2morbis_control[0m[2m:[0m product gpu status read failed; UI keeps previous evidence: Dbus("Signature mismatch: got `(uub)`, expected `(uuuub)`")
[2m2026-09-22T16:42:22.846394Z[0m [33m WARN[0m [2morbis_control[0m[2m:[0m gpu-power: refresh недоступен: BackendUnavailable("org.freedesktop.DBus.Error.Failed: org.freedesktop.DBus.Error.ServiceUnknown: The name is not activatable")
[2m2026-09-22T16:42:22.878666Z[0m [33m WARN[0m [2morbis_control[0m[2m:[0m product gpu status read failed; UI keeps previous evidence: Dbus("Signature mismatch: got `(uub)`, expected `(uuuub)`")
[2m2026-09-22T16:42:27.847444Z[0m [33m WARN[0m [2morbis_control[0m[2m:[0m gpu-power: refresh недоступен: BackendUnavailable("org.freedesktop.DBus.Error.Failed: org.freedesktop.DBus.Error.ServiceUnknown: The name is not activatable")
[2m2026-09-22T16:42:27.858475Z[0m [33m WARN[0m [2morbis_control[0m[2m:[0m product gpu status read failed; UI keeps previous evidence: Dbus("Signature mismatch: got `(uub)`, expected `(uuuub)`")
[2m2026-09-22T16:42:32.846697Z[0m [33m WARN[0m [2morbis_control[0m[2m:[0m gpu-power: refresh недоступен: BackendUnavailable("org.freedesktop.DBus.Error.Failed: org.freedesktop.DBus.Error.ServiceUnknown: The name is not activatable")
[2m2026-09-22T16:42:32.857909Z[0m [33m WARN[0m [2morbis_control[0m[2m:[0m product gpu status read failed; UI keeps previous evidence: Dbus("Signature mismatch: got `(uub)`, expected `(uuuub)`")
[2m2026-09-22T16:42:37.846488Z[0m [33m WARN[0m [2morbis_control[0m[2m:[0m gpu-power: refresh недоступен: BackendUnavailable("org.freedesktop.DBus.Error.Failed: org.freedesktop.DBus.Error.ServiceUnknown: The name is not activatable")
[2m2026-09-22T16:42:37.857306Z[0m [33m WARN[0m [2morbis_control[0m[2m:[0m product gpu status read failed; UI keeps previous evidence: Dbus("Signature mismatch: got `(uub)`, expected `(uuuub)`")
[2m2026-09-22T16:42:42.847130Z[0m [33m WARN[0m [2morbis_control[0m[2m:[0m gpu-power: refresh недоступен: BackendUnavailable("org.freedesktop.DBus.Error.Failed: org.freedesktop.DBus.Error.ServiceUnknown: The name is not activatable")
[2m2026-09-22T16:42:42.857847Z[0m [33m WARN[0m [2morbis_control[0m[2m:[0m product gpu status read failed; UI keeps previous evidence: Dbus("Signature mismatch: got `(uub)`, expected `(uuuub)`")
[2m2026-09-22T16:42:47.846556Z[0m [33m WARN[0m [2morbis_control[0m[2m:[0m gpu-power: refresh недоступен: BackendUnavailable("org.freedesktop.DBus.Error.Failed: org.freedesktop.DBus.Error.ServiceUnknown: The name is not activatable")
[2m2026-09-22T16:42:47.857058Z[0m [33m WARN[0m [2morbis_control[0m[2m:[0m product gpu status read failed; UI keeps previous evidence: Dbus("Signature mismatch: got `(uub)`, expected `(uuuub)`")
[2m2026-09-22T16:42:52.847132Z[0m [33m WARN[0m [2morbis_control[0m[2m:[0m gpu-power: refresh недоступен: BackendUnavailable("org.freedesktop.DBus.Error.Failed: org.freedesktop.DBus.Error.ServiceUnknown: The name is not activatable")
[2m2026-09-22T16:42:52.902544Z[0m [33m WARN[0m [2morbis_control[0m[2m:[0m product gpu status read failed; UI keeps previous evidence: Dbus("Signature mismatch: got `(uub)`, expected `(uuuub)`")
[2m2026-09-22T16:42:57.846279Z[0m [33m WARN[0m [2morbis_control[0m[2m:[0m gpu-power: refresh недоступен: BackendUnavailable("org.freedesktop.DBus.Error.Failed: org.freedesktop.DBus.Error.ServiceUnknown: The name is not activatable")
[2m2026-09-22T16:42:57.857209Z[0m [33m WARN[0m [2morbis_control[0m[2m:[0m product gpu status read failed; UI keeps previous evidence: Dbus("Signature mismatch: got `(uub)`, expected `(uuuub)`")
[2m2026-09-22T16:43:02.847481Z[0m [33m WARN[0m [2morbis_control[0m[2m:[0m gpu-power: refresh недоступен: BackendUnavailable("org.freedesktop.DBus.Error.Failed: org.freedesktop.DBus.Error.ServiceUnknown: The name is not activatable")
[2m2026-09-22T16:43:02.858519Z[0m [33m WARN[0m [2morbis_control[0m[2m:[0m product gpu status read failed; UI keeps previous evidence: Dbus("Signature mismatch: got `(uub)`, expected `(uuuub)`")
[2m2026-09-22T16:43:07.847300Z[0m [33m WARN[0m [2morbis_control[0m[2m:[0m gpu-power: refresh недоступен: BackendUnavailable("org.freedesktop.DBus.Error.Failed: org.freedesktop.DBus.Error.ServiceUnknown: The name is not activatable")
[2m2026-09-22T16:43:07.858638Z[0m [33m WARN[0m [2morbis_control[0m[2m:[0m product gpu status read failed; UI keeps previous evidence: Dbus("Signature mismatch: got `(uub)`, expected `(uuuub)`")
[2m2026-09-22T16:43:12.846763Z[0m [33m WARN[0m [2morbis_control[0m[2m:[0m gpu-power: refresh недоступен: BackendUnavailable("org.freedesktop.DBus.Error.Failed: org.freedesktop.DBus.Error.ServiceUnknown: The name is not activatable")
[2m2026-09-22T16:43:12.857914Z[0m [33m WARN[0m [2morbis_control[0m[2m:[0m product gpu status read failed; UI keeps previous evidence: Dbus("Signature mismatch: got `(uub)`, expected `(uuuub)`")
[2m2026-09-22T16:43:17.847259Z[0m [33m WARN[0m [2morbis_control[0m[2m:[0m gpu-power: refresh недоступен: BackendUnavailable("org.freedesktop.DBus.Error.Failed: org.freedesktop.DBus.Error.ServiceUnknown: The name is not activatable")
[2m2026-09-22T16:43:17.858401Z[0m [33m WARN[0m [2morbis_control[0m[2m:[0m product gpu status read failed; UI keeps previous evidence: Dbus("Signature mismatch: got `(uub)`, expected `(uuuub)`")
[2m2026-09-22T16:43:22.846751Z[0m [33m WARN[0m [2morbis_control[0m[2m:[0m gpu-power: refresh недоступен: BackendUnavailable("org.freedesktop.DBus.Error.Failed: org.freedesktop.DBus.Error.ServiceUnknown: The name is not activatable")
[2m2026-09-22T16:43:22.880711Z[0m [33m WARN[0m [2morbis_control[0m[2m:[0m product gpu status read failed; UI keeps previous evidence: Dbus("Signature mismatch: got `(uub)`, expected `(uuuub)`")
[2m2026-09-22T16:43:27.847292Z[0m [33m WARN[0m [2morbis_control[0m[2m:[0m gpu-power: refresh недоступен: BackendUnavailable("org.freedesktop.DBus.Error.Failed: org.freedesktop.DBus.Error.ServiceUnknown: The name is not activatable")
[2m2026-09-22T16:43:27.858574Z[0m [33m WARN[0m [2morbis_control[0m[2m:[0m product gpu status read failed; UI keeps previous evidence: Dbus("Signature mismatch: got `(uub)`, expected `(uuuub)`")
[2m2026-09-22T16:43:32.847013Z[0m [33m WARN[0m [2morbis_control[0m[2m:[0m gpu-power: refresh недоступен: BackendUnavailable("org.freedesktop.DBus.Error.Failed: org.freedesktop.DBus.Error.ServiceUnknown: The name is not activatable")
[2m2026-09-22T16:43:32.858820Z[0m [33m WARN[0m [2morbis_control[0m[2m:[0m product gpu status read failed; UI keeps previous evidence: Dbus("Signature mismatch: got `(uub)`, expected `(uuuub)`")
[2m2026-09-22T16:43:37.848084Z[0m [33m WARN[0m [2morbis_control[0m[2m:[0m gpu-power: refresh недоступен: BackendUnavailable("org.freedesktop.DBus.Error.Failed: org.freedesktop.DBus.Error.ServiceUnknown: The name is not activatable")
[2m2026-09-22T16:43:37.860023Z[0m [33m WARN[0m [2morbis_control[0m[2m:[0m product gpu status read failed; UI keeps previous evidence: Dbus("Signature mismatch: got `(uub)`, expected `(uuuub)`")
[2m2026-09-22T16:43:42.846942Z[0m [33m WARN[0m [2morbis_control[0m[2m:[0m gpu-power: refresh недоступен: BackendUnavailable("org.freedesktop.DBus.Error.Failed: org.freedesktop.DBus.Error.ServiceUnknown: The name is not activatable")
[2m2026-09-22T16:43:42.857974Z[0m [33m WARN[0m [2morbis_control[0m[2m:[0m product gpu status read failed; UI keeps previous evidence: Dbus("Signature mismatch: got `(uub)`, expected `(uuuub)`")
[2m2026-09-22T16:43:47.846686Z[0m [33m WARN[0m [2morbis_control[0m[2m:[0m gpu-power: refresh недоступен: BackendUnavailable("org.freedesktop.DBus.Error.Failed: org.freedesktop.DBus.Error.ServiceUnknown: The name is not activatable")
[2m2026-09-22T16:43:47.857490Z[0m [33m WARN[0m [2morbis_control[0m[2m:[0m product gpu status read failed; UI keeps previous evidence: Dbus("Signature mismatch: got `(uub)`, expected `(uuuub)`")
[2m2026-09-22T16:43:52.846459Z[0m [33m WARN[0m [2morbis_control[0m[2m:[0m gpu-power: refresh недоступен: BackendUnavailable("org.freedesktop.DBus.Error.Failed: org.freedesktop.DBus.Error.ServiceUnknown: The name is not activatable")
[2m2026-09-22T16:43:52.904437Z[0m [33m WARN[0m [2morbis_control[0m[2m:[0m product gpu status read failed; UI keeps previous evidence: Dbus("Signature mismatch: got `(uub)`, expected `(uuuub)`")
[2m2026-09-22T16:43:57.846238Z[0m [33m WARN[0m [2morbis_control[0m[2m:[0m gpu-power: refresh недоступен: BackendUnavailable("org.freedesktop.DBus.Error.Failed: org.freedesktop.DBus.Error.ServiceUnknown: The name is not activatable")
[2m2026-09-22T16:43:57.857499Z[0m [33m WARN[0m [2morbis_control[0m[2m:[0m product gpu status read failed; UI keeps previous evidence: Dbus("Signature mismatch: got `(uub)`, expected `(uuuub)`")
[2m2026-09-22T16:44:02.847327Z[0m [33m WARN[0m [2morbis_control[0m[2m:[0m gpu-power: refresh недоступен: BackendUnavailable("org.freedesktop.DBus.Error.Failed: org.freedesktop.DBus.Error.ServiceUnknown: The name is not activatable")
[2m2026-09-22T16:44:02.858080Z[0m [33m WARN[0m [2morbis_control[0m[2m:[0m product gpu status read failed; UI keeps previous evidence: Dbus("Signature mismatch: got `(uub)`, expected `(uuuub)`")
[2m2026-09-22T16:44:07.846787Z[0m [33m WARN[0m [2morbis_control[0m[2m:[0m gpu-power: refresh недоступен: BackendUnavailable("org.freedesktop.DBus.Error.Failed: org.freedesktop.DBus.Error.ServiceUnknown: The name is not activatable")
[2m2026-09-22T16:44:07.858021Z[0m [33m WARN[0m [2morbis_control[0m[2m:[0m product gpu status read failed; UI keeps previous evidence: Dbus("Signature mismatch: got `(uub)`, expected `(uuuub)`")
[2m2026-09-22T16:44:12.847155Z[0m [33m WARN[0m [2morbis_control[0m[2m:[0m gpu-power: refresh недоступен: BackendUnavailable("org.freedesktop.DBus.Error.Failed: org.freedesktop.DBus.Error.ServiceUnknown: The name is not activatable")
[2m2026-09-22T16:44:12.858076Z[0m [33m WARN[0m [2morbis_control[0m[2m:[0m product gpu status read failed; UI keeps previous evidence: Dbus("Signature mismatch: got `(uub)`, expected `(uuuub)`")
[2m2026-09-22T16:44:17.846320Z[0m [33m WARN[0m [2morbis_control[0m[2m:[0m gpu-power: refresh недоступен: BackendUnavailable("org.freedesktop.DBus.Error.Failed: org.freedesktop.DBus.Error.ServiceUnknown: The name is not activatable")
[2m2026-09-22T16:44:17.857618Z[0m [33m WARN[0m [2morbis_control[0m[2m:[0m product gpu status read failed; UI keeps previous evidence: Dbus("Signature mismatch: got `(uub)`, expected `(uuuub)`")
[2m2026-09-22T16:44:22.847117Z[0m [33m WARN[0m [2morbis_control[0m[2m:[0m gpu-power: refresh недоступен: BackendUnavailable("org.freedesktop.DBus.Error.Failed: org.freedesktop.DBus.Error.ServiceUnknown: The name is not activatable")
[2m2026-09-22T16:44:22.880752Z[0m [33m WARN[0m [2morbis_control[0m[2m:[0m product gpu status read failed; UI keeps previous evidence: Dbus("Signature mismatch: got `(uub)`, expected `(uuuub)`")
[2m2026-09-22T16:44:27.847061Z[0m [33m WARN[0m [2morbis_control[0m[2m:[0m gpu-power: refresh недоступен: BackendUnavailable("org.freedesktop.DBus.Error.Failed: org.freedesktop.DBus.Error.ServiceUnknown: The name is not activatable")
[2m2026-09-22T16:44:27.857527Z[0m [33m WARN[0m [2morbis_control[0m[2m:[0m product gpu status read failed; UI keeps previous evidence: Dbus("Signature mismatch: got `(uub)`, expected `(uuuub)`")
[2m2026-09-22T16:44:32.846280Z[0m [33m WARN[0m [2morbis_control[0m[2m:[0m gpu-power: refresh недоступен: BackendUnavailable("org.freedesktop.DBus.Error.Failed: org.freedesktop.DBus.Error.ServiceUnknown: The name is not activatable")
[2m2026-09-22T16:44:32.857866Z[0m [33m WARN[0m [2morbis_control[0m[2m:[0m product gpu status read failed; UI keeps previous evidence: Dbus("Signature mismatch: got `(uub)`, expected `(uuuub)`")
[2m2026-09-22T16:44:37.846981Z[0m [33m WARN[0m [2morbis_control[0m[2m:[0m gpu-power: refresh недоступен: BackendUnavailable("org.freedesktop.DBus.Error.Failed: org.freedesktop.DBus.Error.ServiceUnknown: The name is not activatable")
[2m2026-09-22T16:44:37.857464Z[0m [33m WARN[0m [2morbis_control[0m[2m:[0m product gpu status read failed; UI keeps previous evidence: Dbus("Signature mismatch: got `(uub)`, expected `(uuuub)`")
[2m2026-09-22T16:44:42.847445Z[0m [33m WARN[0m [2morbis_control[0m[2m:[0m gpu-power: refresh недоступен: BackendUnavailable("org.freedesktop.DBus.Error.Failed: org.freedesktop.DBus.Error.ServiceUnknown: The name is not activatable")
[2m2026-09-22T16:44:42.858301Z[0m [33m WARN[0m [2morbis_control[0m[2m:[0m product gpu status read failed; UI keeps previous evidence: Dbus("Signature mismatch: got `(uub)`, expected `(uuuub)`")
[2m2026-09-22T16:44:47.846073Z[0m [33m WARN[0m [2morbis_control[0m[2m:[0m gpu-power: refresh недоступен: BackendUnavailable("org.freedesktop.DBus.Error.Failed: org.freedesktop.DBus.Error.ServiceUnknown: The name is not activatable")
[2m2026-09-22T16:44:47.856710Z[0m [33m WARN[0m [2morbis_control[0m[2m:[0m product gpu status read failed; UI keeps previous evidence: Dbus("Signature mismatch: got `(uub)`, expected `(uuuub)`")
[2m2026-09-22T16:44:52.846297Z[0m [33m WARN[0m [2morbis_control[0m[2m:[0m gpu-power: refresh недоступен: BackendUnavailable("org.freedesktop.DBus.Error.Failed: org.freedesktop.DBus.Error.ServiceUnknown: The name is not activatable")
[2m2026-09-22T16:44:52.900942Z[0m [33m WARN[0m [2morbis_control[0m[2m:[0m product gpu status read failed; UI keeps previous evidence: Dbus("Signature mismatch: got `(uub)`, expected `(uuuub)`")
[2m2026-09-22T16:44:57.846608Z[0m [33m WARN[0m [2morbis_control[0m[2m:[0m gpu-power: refresh недоступен: BackendUnavailable("org.freedesktop.DBus.Error.Failed: org.freedesktop.DBus.Error.ServiceUnknown: The name is not activatable")
[2m2026-09-22T16:44:57.857856Z[0m [33m WARN[0m [2morbis_control[0m[2m:[0m product gpu status read failed; UI keeps previous evidence: Dbus("Signature mismatch: got `(uub)`, expected `(uuuub)`")
[2m2026-09-22T16:45:02.846509Z[0m [33m WARN[0m [2morbis_control[0m[2m:[0m gpu-power: refresh недоступен: BackendUnavailable("org.freedesktop.DBus.Error.Failed: org.freedesktop.DBus.Error.ServiceUnknown: The name is not activatable")
[2m2026-09-22T16:45:02.857292Z[0m [33m WARN[0m [2morbis_control[0m[2m:[0m product gpu status read failed; UI keeps previous evidence: Dbus("Signature mismatch: got `(uub)`, expected `(uuuub)`")
[2m2026-09-22T16:45:07.847108Z[0m [33m WARN[0m [2morbis_control[0m[2m:[0m gpu-power: refresh недоступен: BackendUnavailable("org.freedesktop.DBus.Error.Failed: org.freedesktop.DBus.Error.ServiceUnknown: The name is not activatable")
[2m2026-09-22T16:45:07.857709Z[0m [33m WARN[0m [2morbis_control[0m[2m:[0m product gpu status read failed; UI keeps previous evidence: Dbus("Signature mismatch: got `(uub)`, expected `(uuuub)`")
[2m2026-09-22T16:45:12.847292Z[0m [33m WARN[0m [2morbis_control[0m[2m:[0m gpu-power: refresh недоступен: BackendUnavailable("org.freedesktop.DBus.Error.Failed: org.freedesktop.DBus.Error.ServiceUnknown: The name is not activatable")
[2m2026-09-22T16:45:12.858467Z[0m [33m WARN[0m [2morbis_control[0m[2m:[0m product gpu status read failed; UI keeps previous evidence: Dbus("Signature mismatch: got `(uub)`, expected `(uuuub)`")
[2m2026-09-22T16:45:17.845044Z[0m [33m WARN[0m [2morbis_control[0m[2m:[0m gpu-power: refresh недоступен: BackendUnavailable("org.freedesktop.DBus.Error.Failed: org.freedesktop.DBus.Error.ServiceUnknown: The name is not activatable")
[2m2026-09-22T16:45:17.854198Z[0m [33m WARN[0m [2morbis_control[0m[2m:[0m product gpu status read failed; UI keeps previous evidence: Dbus("Signature mismatch: got `(uub)`, expected `(uuuub)`")
[2m2026-09-22T16:45:22.846109Z[0m [33m WARN[0m [2morbis_control[0m[2m:[0m gpu-power: refresh недоступен: BackendUnavailable("org.freedesktop.DBus.Error.Failed: org.freedesktop.DBus.Error.ServiceUnknown: The name is not activatable")
[2m2026-09-22T16:45:22.879300Z[0m [33m WARN[0m [2morbis_control[0m[2m:[0m product gpu status read failed; UI keeps previous evidence: Dbus("Signature mismatch: got `(uub)`, expected `(uuuub)`")
[2m2026-09-22T16:45:27.846595Z[0m [33m WARN[0m [2morbis_control[0m[2m:[0m gpu-power: refresh недоступен: BackendUnavailable("org.freedesktop.DBus.Error.Failed: org.freedesktop.DBus.Error.ServiceUnknown: The name is not activatable")
[2m2026-09-22T16:45:27.857874Z[0m [33m WARN[0m [2morbis_control[0m[2m:[0m product gpu status read failed; UI keeps previous evidence: Dbus("Signature mismatch: got `(uub)`, expected `(uuuub)`")
[2m2026-09-22T16:45:32.847033Z[0m [33m WARN[0m [2morbis_control[0m[2m:[0m gpu-power: refresh недоступен: BackendUnavailable("org.freedesktop.DBus.Error.Failed: org.freedesktop.DBus.Error.ServiceUnknown: The name is not activatable")
[2m2026-09-22T16:45:32.858360Z[0m [33m WARN[0m [2morbis_control[0m[2m:[0m product gpu status read failed; UI keeps previous evidence: Dbus("Signature mismatch: got `(uub)`, expected `(uuuub)`")
[2m2026-09-22T16:45:37.847090Z[0m [33m WARN[0m [2morbis_control[0m[2m:[0m gpu-power: refresh недоступен: BackendUnavailable("org.freedesktop.DBus.Error.Failed: org.freedesktop.DBus.Error.ServiceUnknown: The name is not activatable")
[2m2026-09-22T16:45:37.857695Z[0m [33m WARN[0m [2morbis_control[0m[2m:[0m product gpu status read failed; UI keeps previous evidence: Dbus("Signature mismatch: got `(uub)`, expected `(uuuub)`")
[2m2026-09-22T16:45:42.846957Z[0m [33m WARN[0m [2morbis_control[0m[2m:[0m gpu-power: refresh недоступен: BackendUnavailable("org.freedesktop.DBus.Error.Failed: org.freedesktop.DBus.Error.ServiceUnknown: The name is not activatable")
[2m2026-09-22T16:45:42.857809Z[0m [33m WARN[0m [2morbis_control[0m[2m:[0m product gpu status read failed; UI keeps previous evidence: Dbus("Signature mismatch: got `(uub)`, expected `(uuuub)`")
[2m2026-09-22T16:45:47.846590Z[0m [33m WARN[0m [2morbis_control[0m[2m:[0m gpu-power: refresh недоступен: BackendUnavailable("org.freedesktop.DBus.Error.Failed: org.freedesktop.DBus.Error.ServiceUnknown: The name is not activatable")
[2m2026-09-22T16:45:47.857258Z[0m [33m WARN[0m [2morbis_control[0m[2m:[0m product gpu status read failed; UI keeps previous evidence: Dbus("Signature mismatch: got `(uub)`, expected `(uuuub)`")
[2m2026-09-22T16:45:52.846979Z[0m [33m WARN[0m [2morbis_control[0m[2m:[0m gpu-power: refresh недоступен: BackendUnavailable("org.freedesktop.DBus.Error.Failed: org.freedesktop.DBus.Error.ServiceUnknown: The name is not activatable")
[2m2026-09-22T16:45:52.902158Z[0m [33m WARN[0m [2morbis_control[0m[2m:[0m product gpu status read failed; UI keeps previous evidence: Dbus("Signature mismatch: got `(uub)`, expected `(uuuub)`")
[2m2026-09-22T16:45:57.846174Z[0m [33m WARN[0m [2morbis_control[0m[2m:[0m gpu-power: refresh недоступен: BackendUnavailable("org.freedesktop.DBus.Error.Failed: org.freedesktop.DBus.Error.ServiceUnknown: The name is not activatable")
[2m2026-09-22T16:45:57.856843Z[0m [33m WARN[0m [2morbis_control[0m[2m:[0m product gpu status read failed; UI keeps previous evidence: Dbus("Signature mismatch: got `(uub)`, expected `(uuuub)`")
[2m2026-09-22T16:46:02.847310Z[0m [33m WARN[0m [2morbis_control[0m[2m:[0m gpu-power: refresh недоступен: BackendUnavailable("org.freedesktop.DBus.Error.Failed: org.freedesktop.DBus.Error.ServiceUnknown: The name is not activatable")
[2m2026-09-22T16:46:02.858405Z[0m [33m WARN[0m [2morbis_control[0m[2m:[0m product gpu status read failed; UI keeps previous evidence: Dbus("Signature mismatch: got `(uub)`, expected `(uuuub)`")
[2m2026-09-22T16:46:07.846553Z[0m [33m WARN[0m [2morbis_control[0m[2m:[0m gpu-power: refresh недоступен: BackendUnavailable("org.freedesktop.DBus.Error.Failed: org.freedesktop.DBus.Error.ServiceUnknown: The name is not activatable")
[2m2026-09-22T16:46:07.856917Z[0m [33m WARN[0m [2morbis_control[0m[2m:[0m product gpu status read failed; UI keeps previous evidence: Dbus("Signature mismatch: got `(uub)`, expected `(uuuub)`")
[2m2026-09-22T16:46:12.848093Z[0m [33m WARN[0m [2morbis_control[0m[2m:[0m gpu-power: refresh недоступен: BackendUnavailable("org.freedesktop.DBus.Error.Failed: org.freedesktop.DBus.Error.ServiceUnknown: The name is not activatable")
[2m2026-09-22T16:46:12.858634Z[0m [33m WARN[0m [2morbis_control[0m[2m:[0m product gpu status read failed; UI keeps previous evidence: Dbus("Signature mismatch: got `(uub)`, expected `(uuuub)`")
[2m2026-09-22T16:46:17.847753Z[0m [33m WARN[0m [2morbis_control[0m[2m:[0m gpu-power: refresh недоступен: BackendUnavailable("org.freedesktop.DBus.Error.Failed: org.freedesktop.DBus.Error.ServiceUnknown: The name is not activatable")
[2m2026-09-22T16:46:17.859033Z[0m [33m WARN[0m [2morbis_control[0m[2m:[0m product gpu status read failed; UI keeps previous evidence: Dbus("Signature mismatch: got `(uub)`, expected `(uuuub)`")
[2m2026-09-22T16:46:22.847627Z[0m [33m WARN[0m [2morbis_control[0m[2m:[0m gpu-power: refresh недоступен: BackendUnavailable("org.freedesktop.DBus.Error.Failed: org.freedesktop.DBus.Error.ServiceUnknown: The name is not activatable")
[2m2026-09-22T16:46:22.881112Z[0m [33m WARN[0m [2morbis_control[0m[2m:[0m product gpu status read failed; UI keeps previous evidence: Dbus("Signature mismatch: got `(uub)`, expected `(uuuub)`")
[2m2026-09-22T16:46:27.846615Z[0m [33m WARN[0m [2morbis_control[0m[2m:[0m gpu-power: refresh недоступен: BackendUnavailable("org.freedesktop.DBus.Error.Failed: org.freedesktop.DBus.Error.ServiceUnknown: The name is not activatable")
[2m2026-09-22T16:46:27.857916Z[0m [33m WARN[0m [2morbis_control[0m[2m:[0m product gpu status read failed; UI keeps previous evidence: Dbus("Signature mismatch: got `(uub)`, expected `(uuuub)`")
[2m2026-09-22T16:46:32.846420Z[0m [33m WARN[0m [2morbis_control[0m[2m:[0m gpu-power: refresh недоступен: BackendUnavailable("org.freedesktop.DBus.Error.Failed: org.freedesktop.DBus.Error.ServiceUnknown: The name is not activatable")
[2m2026-09-22T16:46:32.857257Z[0m [33m WARN[0m [2morbis_control[0m[2m:[0m product gpu status read failed; UI keeps previous evidence: Dbus("Signature mismatch: got `(uub)`, expected `(uuuub)`")
[2m2026-09-22T16:46:37.847016Z[0m [33m WARN[0m [2morbis_control[0m[2m:[0m gpu-power: refresh недоступен: BackendUnavailable("org.freedesktop.DBus.Error.Failed: org.freedesktop.DBus.Error.ServiceUnknown: The name is not activatable")
[2m2026-09-22T16:46:37.857924Z[0m [33m WARN[0m [2morbis_control[0m[2m:[0m product gpu status read failed; UI keeps previous evidence: Dbus("Signature mismatch: got `(uub)`, expected `(uuuub)`")
[2m2026-09-22T16:46:42.846736Z[0m [33m WARN[0m [2morbis_control[0m[2m:[0m gpu-power: refresh недоступен: BackendUnavailable("org.freedesktop.DBus.Error.Failed: org.freedesktop.DBus.Error.ServiceUnknown: The name is not activatable")
[2m2026-09-22T16:46:42.857693Z[0m [33m WARN[0m [2morbis_control[0m[2m:[0m product gpu status read failed; UI keeps previous evidence: Dbus("Signature mismatch: got `(uub)`, expected `(uuuub)`")
[2m2026-09-22T16:46:47.847434Z[0m [33m WARN[0m [2morbis_control[0m[2m:[0m gpu-power: refresh недоступен: BackendUnavailable("org.freedesktop.DBus.Error.Failed: org.freedesktop.DBus.Error.ServiceUnknown: The name is not activatable")
[2m2026-09-22T16:46:47.857905Z[0m [33m WARN[0m [2morbis_control[0m[2m:[0m product gpu status read failed; UI keeps previous evidence: Dbus("Signature mismatch: got `(uub)`, expected `(uuuub)`")
[2m2026-09-22T16:46:52.847012Z[0m [33m WARN[0m [2morbis_control[0m[2m:[0m gpu-power: refresh недоступен: BackendUnavailable("org.freedesktop.DBus.Error.Failed: org.freedesktop.DBus.Error.ServiceUnknown: The name is not activatable")
[2m2026-09-22T16:46:52.880185Z[0m [33m WARN[0m [2morbis_control[0m[2m:[0m product gpu status read failed; UI keeps previous evidence: Dbus("Signature mismatch: got `(uub)`, expected `(uuuub)`")
[2m2026-09-22T16:46:57.846268Z[0m [33m WARN[0m [2morbis_control[0m[2m:[0m gpu-power: refresh недоступен: BackendUnavailable("org.freedesktop.DBus.Error.Failed: org.freedesktop.DBus.Error.ServiceUnknown: The name is not activatable")
[2m2026-09-22T16:46:57.857081Z[0m [33m WARN[0m [2morbis_control[0m[2m:[0m product gpu status read failed; UI keeps previous evidence: Dbus("Signature mismatch: got `(uub)`, expected `(uuuub)`")
[2m2026-09-22T16:47:02.847797Z[0m [33m WARN[0m [2morbis_control[0m[2m:[0m gpu-power: refresh недоступен: BackendUnavailable("org.freedesktop.DBus.Error.Failed: org.freedesktop.DBus.Error.ServiceUnknown: The name is not activatable")
[2m2026-09-22T16:47:02.858666Z[0m [33m WARN[0m [2morbis_control[0m[2m:[0m product gpu status read failed; UI keeps previous evidence: Dbus("Signature mismatch: got `(uub)`, expected `(uuuub)`")
[2m2026-09-22T16:47:07.848506Z[0m [33m WARN[0m [2morbis_control[0m[2m:[0m gpu-power: refresh недоступен: BackendUnavailable("org.freedesktop.DBus.Error.Failed: org.freedesktop.DBus.Error.ServiceUnknown: The name is not activatable")
[2m2026-09-22T16:47:07.859363Z[0m [33m WARN[0m [2morbis_control[0m[2m:[0m product gpu status read failed; UI keeps previous evidence: Dbus("Signature mismatch: got `(uub)`, expected `(uuuub)`")
[2m2026-09-22T16:47:12.846600Z[0m [33m WARN[0m [2morbis_control[0m[2m:[0m gpu-power: refresh недоступен: BackendUnavailable("org.freedesktop.DBus.Error.Failed: org.freedesktop.DBus.Error.ServiceUnknown: The name is not activatable")
[2m2026-09-22T16:47:12.857767Z[0m [33m WARN[0m [2morbis_control[0m[2m:[0m product gpu status read failed; UI keeps previous evidence: Dbus("Signature mismatch: got `(uub)`, expected `(uuuub)`")
[2m2026-09-22T16:47:17.846702Z[0m [33m WARN[0m [2morbis_control[0m[2m:[0m gpu-power: refresh недоступен: BackendUnavailable("org.freedesktop.DBus.Error.Failed: org.freedesktop.DBus.Error.ServiceUnknown: The name is not activatable")
[2m2026-09-22T16:47:17.858090Z[0m [33m WARN[0m [2morbis_control[0m[2m:[0m product gpu status read failed; UI keeps previous evidence: Dbus("Signature mismatch: got `(uub)`, expected `(uuuub)`")
[2m2026-09-22T16:47:22.847375Z[0m [33m WARN[0m [2morbis_control[0m[2m:[0m gpu-power: refresh недоступен: BackendUnavailable("org.freedesktop.DBus.Error.Failed: org.freedesktop.DBus.Error.ServiceUnknown: The name is not activatable")
[2m2026-09-22T16:47:22.903026Z[0m [33m WARN[0m [2morbis_control[0m[2m:[0m product gpu status read failed; UI keeps previous evidence: Dbus("Signature mismatch: got `(uub)`, expected `(uuuub)`")
[2m2026-09-22T16:47:27.846327Z[0m [33m WARN[0m [2morbis_control[0m[2m:[0m gpu-power: refresh недоступен: BackendUnavailable("org.freedesktop.DBus.Error.Failed: org.freedesktop.DBus.Error.ServiceUnknown: The name is not activatable")
[2m2026-09-22T16:47:27.857284Z[0m [33m WARN[0m [2morbis_control[0m[2m:[0m product gpu status read failed; UI keeps previous evidence: Dbus("Signature mismatch: got `(uub)`, expected `(uuuub)`")
[2m2026-09-22T16:47:32.846392Z[0m [33m WARN[0m [2morbis_control[0m[2m:[0m gpu-power: refresh недоступен: BackendUnavailable("org.freedesktop.DBus.Error.Failed: org.freedesktop.DBus.Error.ServiceUnknown: The name is not activatable")
[2m2026-09-22T16:47:32.857253Z[0m [33m WARN[0m [2morbis_control[0m[2m:[0m product gpu status read failed; UI keeps previous evidence: Dbus("Signature mismatch: got `(uub)`, expected `(uuuub)`")
[2m2026-09-22T16:47:37.846816Z[0m [33m WARN[0m [2morbis_control[0m[2m:[0m gpu-power: refresh недоступен: BackendUnavailable("org.freedesktop.DBus.Error.Failed: org.freedesktop.DBus.Error.ServiceUnknown: The name is not activatable")
[2m2026-09-22T16:47:37.857803Z[0m [33m WARN[0m [2morbis_control[0m[2m:[0m product gpu status read failed; UI keeps previous evidence: Dbus("Signature mismatch: got `(uub)`, expected `(uuuub)`")
[2m2026-09-22T16:47:42.846355Z[0m [33m WARN[0m [2morbis_control[0m[2m:[0m gpu-power: refresh недоступен: BackendUnavailable("org.freedesktop.DBus.Error.Failed: org.freedesktop.DBus.Error.ServiceUnknown: The name is not activatable")
[2m2026-09-22T16:47:42.857816Z[0m [33m WARN[0m [2morbis_control[0m[2m:[0m product gpu status read failed; UI keeps previous evidence: Dbus("Signature mismatch: got `(uub)`, expected `(uuuub)`")
[2m2026-09-22T16:47:47.847048Z[0m [33m WARN[0m [2morbis_control[0m[2m:[0m gpu-power: refresh недоступен: BackendUnavailable("org.freedesktop.DBus.Error.Failed: org.freedesktop.DBus.Error.ServiceUnknown: The name is not activatable")
[2m2026-09-22T16:47:47.857982Z[0m [33m WARN[0m [2morbis_control[0m[2m:[0m product gpu status read failed; UI keeps previous evidence: Dbus("Signature mismatch: got `(uub)`, expected `(uuuub)`")
[2m2026-09-22T16:47:52.846508Z[0m [33m WARN[0m [2morbis_control[0m[2m:[0m gpu-power: refresh недоступен: BackendUnavailable("org.freedesktop.DBus.Error.Failed: org.freedesktop.DBus.Error.ServiceUnknown: The name is not activatable")
[2m2026-09-22T16:47:52.900917Z[0m [33m WARN[0m [2morbis_control[0m[2m:[0m product gpu status read failed; UI keeps previous evidence: Dbus("Signature mismatch: got `(uub)`, expected `(uuuub)`")
[2m2026-09-22T16:47:57.847037Z[0m [33m WARN[0m [2morbis_control[0m[2m:[0m gpu-power: refresh недоступен: BackendUnavailable("org.freedesktop.DBus.Error.Failed: org.freedesktop.DBus.Error.ServiceUnknown: The name is not activatable")
[2m2026-09-22T16:47:57.858218Z[0m [33m WARN[0m [2morbis_control[0m[2m:[0m product gpu status read failed; UI keeps previous evidence: Dbus("Signature mismatch: got `(uub)`, expected `(uuuub)`")
[2m2026-09-22T16:48:02.846225Z[0m [33m WARN[0m [2morbis_control[0m[2m:[0m gpu-power: refresh недоступен: BackendUnavailable("org.freedesktop.DBus.Error.Failed: org.freedesktop.DBus.Error.ServiceUnknown: The name is not activatable")
[2m2026-09-22T16:48:02.857300Z[0m [33m WARN[0m [2morbis_control[0m[2m:[0m product gpu status read failed; UI keeps previous evidence: Dbus("Signature mismatch: got `(uub)`, expected `(uuuub)`")
[2m2026-09-22T16:48:07.847325Z[0m [33m WARN[0m [2morbis_control[0m[2m:[0m gpu-power: refresh недоступен: BackendUnavailable("org.freedesktop.DBus.Error.Failed: org.freedesktop.DBus.Error.ServiceUnknown: The name is not activatable")
[2m2026-09-22T16:48:07.858061Z[0m [33m WARN[0m [2morbis_control[0m[2m:[0m product gpu status read failed; UI keeps previous evidence: Dbus("Signature mismatch: got `(uub)`, expected `(uuuub)`")
[2m2026-09-22T16:48:12.846464Z[0m [33m WARN[0m [2morbis_control[0m[2m:[0m gpu-power: refresh недоступен: BackendUnavailable("org.freedesktop.DBus.Error.Failed: org.freedesktop.DBus.Error.ServiceUnknown: The name is not activatable")
[2m2026-09-22T16:48:12.857852Z[0m [33m WARN[0m [2morbis_control[0m[2m:[0m product gpu status read failed; UI keeps previous evidence: Dbus("Signature mismatch: got `(uub)`, expected `(uuuub)`")
[2m2026-09-22T16:48:17.846548Z[0m [33m WARN[0m [2morbis_control[0m[2m:[0m gpu-power: refresh недоступен: BackendUnavailable("org.freedesktop.DBus.Error.Failed: org.freedesktop.DBus.Error.ServiceUnknown: The name is not activatable")
[2m2026-09-22T16:48:17.857730Z[0m [33m WARN[0m [2morbis_control[0m[2m:[0m product gpu status read failed; UI keeps previous evidence: Dbus("Signature mismatch: got `(uub)`, expected `(uuuub)`")
[2m2026-09-22T16:48:22.846738Z[0m [33m WARN[0m [2morbis_control[0m[2m:[0m gpu-power: refresh недоступен: BackendUnavailable("org.freedesktop.DBus.Error.Failed: org.freedesktop.DBus.Error.ServiceUnknown: The name is not activatable")
[2m2026-09-22T16:48:22.901421Z[0m [33m WARN[0m [2morbis_control[0m[2m:[0m product gpu status read failed; UI keeps previous evidence: Dbus("Signature mismatch: got `(uub)`, expected `(uuuub)`")
[2m2026-09-22T16:48:27.846864Z[0m [33m WARN[0m [2morbis_control[0m[2m:[0m gpu-power: refresh недоступен: BackendUnavailable("org.freedesktop.DBus.Error.Failed: org.freedesktop.DBus.Error.ServiceUnknown: The name is not activatable")
[2m2026-09-22T16:48:27.858145Z[0m [33m WARN[0m [2morbis_control[0m[2m:[0m product gpu status read failed; UI keeps previous evidence: Dbus("Signature mismatch: got `(uub)`, expected `(uuuub)`")
[2m2026-09-22T16:48:32.847195Z[0m [33m WARN[0m [2morbis_control[0m[2m:[0m gpu-power: refresh недоступен: BackendUnavailable("org.freedesktop.DBus.Error.Failed: org.freedesktop.DBus.Error.ServiceUnknown: The name is not activatable")
[2m2026-09-22T16:48:32.858027Z[0m [33m WARN[0m [2morbis_control[0m[2m:[0m product gpu status read failed; UI keeps previous evidence: Dbus("Signature mismatch: got `(uub)`, expected `(uuuub)`")
[2m2026-09-22T16:48:37.846794Z[0m [33m WARN[0m [2morbis_control[0m[2m:[0m gpu-power: refresh недоступен: BackendUnavailable("org.freedesktop.DBus.Error.Failed: org.freedesktop.DBus.Error.ServiceUnknown: The name is not activatable")
[2m2026-09-22T16:48:37.857198Z[0m [33m WARN[0m [2morbis_control[0m[2m:[0m product gpu status read failed; UI keeps previous evidence: Dbus("Signature mismatch: got `(uub)`, expected `(uuuub)`")
[2m2026-09-22T16:48:42.847325Z[0m [33m WARN[0m [2morbis_control[0m[2m:[0m gpu-power: refresh недоступен: BackendUnavailable("org.freedesktop.DBus.Error.Failed: org.freedesktop.DBus.Error.ServiceUnknown: The name is not activatable")
[2m2026-09-22T16:48:42.859122Z[0m [33m WARN[0m [2morbis_control[0m[2m:[0m product gpu status read failed; UI keeps previous evidence: Dbus("Signature mismatch: got `(uub)`, expected `(uuuub)`")
[2m2026-09-22T16:48:47.847431Z[0m [33m WARN[0m [2morbis_control[0m[2m:[0m gpu-power: refresh недоступен: BackendUnavailable("org.freedesktop.DBus.Error.Failed: org.freedesktop.DBus.Error.ServiceUnknown: The name is not activatable")
[2m2026-09-22T16:48:47.858336Z[0m [33m WARN[0m [2morbis_control[0m[2m:[0m product gpu status read failed; UI keeps previous evidence: Dbus("Signature mismatch: got `(uub)`, expected `(uuuub)`")
[2m2026-09-22T16:48:52.846357Z[0m [33m WARN[0m [2morbis_control[0m[2m:[0m gpu-power: refresh недоступен: BackendUnavailable("org.freedesktop.DBus.Error.Failed: org.freedesktop.DBus.Error.ServiceUnknown: The name is not activatable")
[2m2026-09-22T16:48:52.880310Z[0m [33m WARN[0m [2morbis_control[0m[2m:[0m product gpu status read failed; UI keeps previous evidence: Dbus("Signature mismatch: got `(uub)`, expected `(uuuub)`")
[2m2026-09-22T16:48:57.847082Z[0m [33m WARN[0m [2morbis_control[0m[2m:[0m gpu-power: refresh недоступен: BackendUnavailable("org.freedesktop.DBus.Error.Failed: org.freedesktop.DBus.Error.ServiceUnknown: The name is not activatable")
[2m2026-09-22T16:48:57.858325Z[0m [33m WARN[0m [2morbis_control[0m[2m:[0m product gpu status read failed; UI keeps previous evidence: Dbus("Signature mismatch: got `(uub)`, expected `(uuuub)`")
[2m2026-09-22T16:49:02.843925Z[0m [33m WARN[0m [2morbis_control[0m[2m:[0m gpu-power: refresh недоступен: BackendUnavailable("org.freedesktop.DBus.Error.Failed: org.freedesktop.DBus.Error.ServiceUnknown: The name is not activatable")
[2m2026-09-22T16:49:02.853598Z[0m [33m WARN[0m [2morbis_control[0m[2m:[0m product gpu status read failed; UI keeps previous evidence: Dbus("Signature mismatch: got `(uub)`, expected `(uuuub)`")
[2m2026-09-22T16:49:07.848368Z[0m [33m WARN[0m [2morbis_control[0m[2m:[0m gpu-power: refresh недоступен: BackendUnavailable("org.freedesktop.DBus.Error.Failed: org.freedesktop.DBus.Error.ServiceUnknown: The name is not activatable")
[2m2026-09-22T16:49:07.859542Z[0m [33m WARN[0m [2morbis_control[0m[2m:[0m product gpu status read failed; UI keeps previous evidence: Dbus("Signature mismatch: got `(uub)`, expected `(uuuub)`")
[2m2026-09-22T16:49:12.846786Z[0m [33m WARN[0m [2morbis_control[0m[2m:[0m gpu-power: refresh недоступен: BackendUnavailable("org.freedesktop.DBus.Error.Failed: org.freedesktop.DBus.Error.ServiceUnknown: The name is not activatable")
[2m2026-09-22T16:49:12.857842Z[0m [33m WARN[0m [2morbis_control[0m[2m:[0m product gpu status read failed; UI keeps previous evidence: Dbus("Signature mismatch: got `(uub)`, expected `(uuuub)`")
[2m2026-09-22T16:49:17.847914Z[0m [33m WARN[0m [2morbis_control[0m[2m:[0m gpu-power: refresh недоступен: BackendUnavailable("org.freedesktop.DBus.Error.Failed: org.freedesktop.DBus.Error.ServiceUnknown: The name is not activatable")
[2m2026-09-22T16:49:17.859101Z[0m [33m WARN[0m [2morbis_control[0m[2m:[0m product gpu status read failed; UI keeps previous evidence: Dbus("Signature mismatch: got `(uub)`, expected `(uuuub)`")
[2m2026-09-22T16:49:22.846282Z[0m [33m WARN[0m [2morbis_control[0m[2m:[0m gpu-power: refresh недоступен: BackendUnavailable("org.freedesktop.DBus.Error.Failed: org.freedesktop.DBus.Error.ServiceUnknown: The name is not activatable")
[2m2026-09-22T16:49:22.878943Z[0m [33m WARN[0m [2morbis_control[0m[2m:[0m product gpu status read failed; UI keeps previous evidence: Dbus("Signature mismatch: got `(uub)`, expected `(uuuub)`")
[2m2026-09-22T16:49:27.846207Z[0m [33m WARN[0m [2morbis_control[0m[2m:[0m gpu-power: refresh недоступен: BackendUnavailable("org.freedesktop.DBus.Error.Failed: org.freedesktop.DBus.Error.ServiceUnknown: The name is not activatable")
[2m2026-09-22T16:49:27.857297Z[0m [33m WARN[0m [2morbis_control[0m[2m:[0m product gpu status read failed; UI keeps previous evidence: Dbus("Signature mismatch: got `(uub)`, expected `(uuuub)`")
[2m2026-09-22T16:49:32.847931Z[0m [33m WARN[0m [2morbis_control[0m[2m:[0m gpu-power: refresh недоступен: BackendUnavailable("org.freedesktop.DBus.Error.Failed: org.freedesktop.DBus.Error.ServiceUnknown: The name is not activatable")
[2m2026-09-22T16:49:32.859262Z[0m [33m WARN[0m [2morbis_control[0m[2m:[0m product gpu status read failed; UI keeps previous evidence: Dbus("Signature mismatch: got `(uub)`, expected `(uuuub)`")
[2m2026-09-22T16:49:37.847001Z[0m [33m WARN[0m [2morbis_control[0m[2m:[0m gpu-power: refresh недоступен: BackendUnavailable("org.freedesktop.DBus.Error.Failed: org.freedesktop.DBus.Error.ServiceUnknown: The name is not activatable")
[2m2026-09-22T16:49:37.857845Z[0m [33m WARN[0m [2morbis_control[0m[2m:[0m product gpu status read failed; UI keeps previous evidence: Dbus("Signature mismatch: got `(uub)`, expected `(uuuub)`")
[2m2026-09-22T16:49:42.846739Z[0m [33m WARN[0m [2morbis_control[0m[2m:[0m gpu-power: refresh недоступен: BackendUnavailable("org.freedesktop.DBus.Error.Failed: org.freedesktop.DBus.Error.ServiceUnknown: The name is not activatable")
[2m2026-09-22T16:49:42.857397Z[0m [33m WARN[0m [2morbis_control[0m[2m:[0m product gpu status read failed; UI keeps previous evidence: Dbus("Signature mismatch: got `(uub)`, expected `(uuuub)`")
[2m2026-09-22T16:49:47.846233Z[0m [33m WARN[0m [2morbis_control[0m[2m:[0m gpu-power: refresh недоступен: BackendUnavailable("org.freedesktop.DBus.Error.Failed: org.freedesktop.DBus.Error.ServiceUnknown: The name is not activatable")
[2m2026-09-22T16:49:47.857457Z[0m [33m WARN[0m [2morbis_control[0m[2m:[0m product gpu status read failed; UI keeps previous evidence: Dbus("Signature mismatch: got `(uub)`, expected `(uuuub)`")
[2m2026-09-22T16:49:52.846515Z[0m [33m WARN[0m [2morbis_control[0m[2m:[0m gpu-power: refresh недоступен: BackendUnavailable("org.freedesktop.DBus.Error.Failed: org.freedesktop.DBus.Error.ServiceUnknown: The name is not activatable")
[2m2026-09-22T16:49:52.880331Z[0m [33m WARN[0m [2morbis_control[0m[2m:[0m product gpu status read failed; UI keeps previous evidence: Dbus("Signature mismatch: got `(uub)`, expected `(uuuub)`")
[2m2026-09-22T16:49:57.846790Z[0m [33m WARN[0m [2morbis_control[0m[2m:[0m gpu-power: refresh недоступен: BackendUnavailable("org.freedesktop.DBus.Error.Failed: org.freedesktop.DBus.Error.ServiceUnknown: The name is not activatable")
[2m2026-09-22T16:49:57.858188Z[0m [33m WARN[0m [2morbis_control[0m[2m:[0m product gpu status read failed; UI keeps previous evidence: Dbus("Signature mismatch: got `(uub)`, expected `(uuuub)`")
[2m2026-09-22T16:50:02.844329Z[0m [33m WARN[0m [2morbis_control[0m[2m:[0m gpu-power: refresh недоступен: BackendUnavailable("org.freedesktop.DBus.Error.Failed: org.freedesktop.DBus.Error.ServiceUnknown: The name is not activatable")
[2m2026-09-22T16:50:02.852813Z[0m [33m WARN[0m [2morbis_control[0m[2m:[0m product gpu status read failed; UI keeps previous evidence: Dbus("Signature mismatch: got `(uub)`, expected `(uuuub)`")
[2m2026-09-22T16:50:07.846201Z[0m [33m WARN[0m [2morbis_control[0m[2m:[0m gpu-power: refresh недоступен: BackendUnavailable("org.freedesktop.DBus.Error.Failed: org.freedesktop.DBus.Error.ServiceUnknown: The name is not activatable")
[2m2026-09-22T16:50:07.857553Z[0m [33m WARN[0m [2morbis_control[0m[2m:[0m product gpu status read failed; UI keeps previous evidence: Dbus("Signature mismatch: got `(uub)`, expected `(uuuub)`")
[2m2026-09-22T16:50:12.846572Z[0m [33m WARN[0m [2morbis_control[0m[2m:[0m gpu-power: refresh недоступен: BackendUnavailable("org.freedesktop.DBus.Error.Failed: org.freedesktop.DBus.Error.ServiceUnknown: The name is not activatable")
[2m2026-09-22T16:50:12.857606Z[0m [33m WARN[0m [2morbis_control[0m[2m:[0m product gpu status read failed; UI keeps previous evidence: Dbus("Signature mismatch: got `(uub)`, expected `(uuuub)`")
[2m2026-09-22T16:50:17.846471Z[0m [33m WARN[0m [2morbis_control[0m[2m:[0m gpu-power: refresh недоступен: BackendUnavailable("org.freedesktop.DBus.Error.Failed: org.freedesktop.DBus.Error.ServiceUnknown: The name is not activatable")
[2m2026-09-22T16:50:17.858199Z[0m [33m WARN[0m [2morbis_control[0m[2m:[0m product gpu status read failed; UI keeps previous evidence: Dbus("Signature mismatch: got `(uub)`, expected `(uuuub)`")
[2m2026-09-22T16:50:22.846853Z[0m [33m WARN[0m [2morbis_control[0m[2m:[0m gpu-power: refresh недоступен: BackendUnavailable("org.freedesktop.DBus.Error.Failed: org.freedesktop.DBus.Error.ServiceUnknown: The name is not activatable")
[2m2026-09-22T16:50:22.880114Z[0m [33m WARN[0m [2morbis_control[0m[2m:[0m product gpu status read failed; UI keeps previous evidence: Dbus("Signature mismatch: got `(uub)`, expected `(uuuub)`")
[2m2026-09-22T16:50:27.847734Z[0m [33m WARN[0m [2morbis_control[0m[2m:[0m gpu-power: refresh недоступен: BackendUnavailable("org.freedesktop.DBus.Error.Failed: org.freedesktop.DBus.Error.ServiceUnknown: The name is not activatable")
[2m2026-09-22T16:50:27.858466Z[0m [33m WARN[0m [2morbis_control[0m[2m:[0m product gpu status read failed; UI keeps previous evidence: Dbus("Signature mismatch: got `(uub)`, expected `(uuuub)`")
[2m2026-09-22T16:50:32.846268Z[0m [33m WARN[0m [2morbis_control[0m[2m:[0m gpu-power: refresh недоступен: BackendUnavailable("org.freedesktop.DBus.Error.Failed: org.freedesktop.DBus.Error.ServiceUnknown: The name is not activatable")
[2m2026-09-22T16:50:32.856905Z[0m [33m WARN[0m [2morbis_control[0m[2m:[0m product gpu status read failed; UI keeps previous evidence: Dbus("Signature mismatch: got `(uub)`, expected `(uuuub)`")
[2m2026-09-22T16:50:37.847491Z[0m [33m WARN[0m [2morbis_control[0m[2m:[0m gpu-power: refresh недоступен: BackendUnavailable("org.freedesktop.DBus.Error.Failed: org.freedesktop.DBus.Error.ServiceUnknown: The name is not activatable")
[2m2026-09-22T16:50:37.858543Z[0m [33m WARN[0m [2morbis_control[0m[2m:[0m product gpu status read failed; UI keeps previous evidence: Dbus("Signature mismatch: got `(uub)`, expected `(uuuub)`")
[2m2026-09-22T16:50:42.846515Z[0m [33m WARN[0m [2morbis_control[0m[2m:[0m gpu-power: refresh недоступен: BackendUnavailable("org.freedesktop.DBus.Error.Failed: org.freedesktop.DBus.Error.ServiceUnknown: The name is not activatable")
[2m2026-09-22T16:50:42.857373Z[0m [33m WARN[0m [2morbis_control[0m[2m:[0m product gpu status read failed; UI keeps previous evidence: Dbus("Signature mismatch: got `(uub)`, expected `(uuuub)`")
[2m2026-09-22T16:50:47.846920Z[0m [33m WARN[0m [2morbis_control[0m[2m:[0m gpu-power: refresh недоступен: BackendUnavailable("org.freedesktop.DBus.Error.Failed: org.freedesktop.DBus.Error.ServiceUnknown: The name is not activatable")
[2m2026-09-22T16:50:47.857475Z[0m [33m WARN[0m [2morbis_control[0m[2m:[0m product gpu status read failed; UI keeps previous evidence: Dbus("Signature mismatch: got `(uub)`, expected `(uuuub)`")
[2m2026-09-22T16:50:52.846372Z[0m [33m WARN[0m [2morbis_control[0m[2m:[0m gpu-power: refresh недоступен: BackendUnavailable("org.freedesktop.DBus.Error.Failed: org.freedesktop.DBus.Error.ServiceUnknown: The name is not activatable")
[2m2026-09-22T16:50:52.878974Z[0m [33m WARN[0m [2morbis_control[0m[2m:[0m product gpu status read failed; UI keeps previous evidence: Dbus("Signature mismatch: got `(uub)`, expected `(uuuub)`")
[2m2026-09-22T16:50:57.846721Z[0m [33m WARN[0m [2morbis_control[0m[2m:[0m gpu-power: refresh недоступен: BackendUnavailable("org.freedesktop.DBus.Error.Failed: org.freedesktop.DBus.Error.ServiceUnknown: The name is not activatable")
[2m2026-09-22T16:50:57.857633Z[0m [33m WARN[0m [2morbis_control[0m[2m:[0m product gpu status read failed; UI keeps previous evidence: Dbus("Signature mismatch: got `(uub)`, expected `(uuuub)`")
[2m2026-09-22T16:51:02.846745Z[0m [33m WARN[0m [2morbis_control[0m[2m:[0m gpu-power: refresh недоступен: BackendUnavailable("org.freedesktop.DBus.Error.Failed: org.freedesktop.DBus.Error.ServiceUnknown: The name is not activatable")
[2m2026-09-22T16:51:02.857944Z[0m [33m WARN[0m [2morbis_control[0m[2m:[0m product gpu status read failed; UI keeps previous evidence: Dbus("Signature mismatch: got `(uub)`, expected `(uuuub)`")
[2m2026-09-22T16:51:07.848234Z[0m [33m WARN[0m [2morbis_control[0m[2m:[0m gpu-power: refresh недоступен: BackendUnavailable("org.freedesktop.DBus.Error.Failed: org.freedesktop.DBus.Error.ServiceUnknown: The name is not activatable")
[2m2026-09-22T16:51:07.859263Z[0m [33m WARN[0m [2morbis_control[0m[2m:[0m product gpu status read failed; UI keeps previous evidence: Dbus("Signature mismatch: got `(uub)`, expected `(uuuub)`")
[2m2026-09-22T16:51:12.847478Z[0m [33m WARN[0m [2morbis_control[0m[2m:[0m gpu-power: refresh недоступен: BackendUnavailable("org.freedesktop.DBus.Error.Failed: org.freedesktop.DBus.Error.ServiceUnknown: The name is not activatable")
[2m2026-09-22T16:51:12.858947Z[0m [33m WARN[0m [2morbis_control[0m[2m:[0m product gpu status read failed; UI keeps previous evidence: Dbus("Signature mismatch: got `(uub)`, expected `(uuuub)`")
[2m2026-09-22T16:51:17.847291Z[0m [33m WARN[0m [2morbis_control[0m[2m:[0m gpu-power: refresh недоступен: BackendUnavailable("org.freedesktop.DBus.Error.Failed: org.freedesktop.DBus.Error.ServiceUnknown: The name is not activatable")
[2m2026-09-22T16:51:17.857776Z[0m [33m WARN[0m [2morbis_control[0m[2m:[0m product gpu status read failed; UI keeps previous evidence: Dbus("Signature mismatch: got `(uub)`, expected `(uuuub)`")
[2m2026-09-22T16:51:22.847122Z[0m [33m WARN[0m [2morbis_control[0m[2m:[0m gpu-power: refresh недоступен: BackendUnavailable("org.freedesktop.DBus.Error.Failed: org.freedesktop.DBus.Error.ServiceUnknown: The name is not activatable")
[2m2026-09-22T16:51:22.902561Z[0m [33m WARN[0m [2morbis_control[0m[2m:[0m product gpu status read failed; UI keeps previous evidence: Dbus("Signature mismatch: got `(uub)`, expected `(uuuub)`")
[2m2026-09-22T16:51:27.847390Z[0m [33m WARN[0m [2morbis_control[0m[2m:[0m gpu-power: refresh недоступен: BackendUnavailable("org.freedesktop.DBus.Error.Failed: org.freedesktop.DBus.Error.ServiceUnknown: The name is not activatable")
[2m2026-09-22T16:51:27.859119Z[0m [33m WARN[0m [2morbis_control[0m[2m:[0m product gpu status read failed; UI keeps previous evidence: Dbus("Signature mismatch: got `(uub)`, expected `(uuuub)`")
[2m2026-09-22T16:51:32.847053Z[0m [33m WARN[0m [2morbis_control[0m[2m:[0m gpu-power: refresh недоступен: BackendUnavailable("org.freedesktop.DBus.Error.Failed: org.freedesktop.DBus.Error.ServiceUnknown: The name is not activatable")
[2m2026-09-22T16:51:32.857755Z[0m [33m WARN[0m [2morbis_control[0m[2m:[0m product gpu status read failed; UI keeps previous evidence: Dbus("Signature mismatch: got `(uub)`, expected `(uuuub)`")
[2m2026-09-22T16:51:37.846218Z[0m [33m WARN[0m [2morbis_control[0m[2m:[0m gpu-power: refresh недоступен: BackendUnavailable("org.freedesktop.DBus.Error.Failed: org.freedesktop.DBus.Error.ServiceUnknown: The name is not activatable")
[2m2026-09-22T16:51:37.858101Z[0m [33m WARN[0m [2morbis_control[0m[2m:[0m product gpu status read failed; UI keeps previous evidence: Dbus("Signature mismatch: got `(uub)`, expected `(uuuub)`")
[2m2026-09-22T16:51:42.846355Z[0m [33m WARN[0m [2morbis_control[0m[2m:[0m gpu-power: refresh недоступен: BackendUnavailable("org.freedesktop.DBus.Error.Failed: org.freedesktop.DBus.Error.ServiceUnknown: The name is not activatable")
[2m2026-09-22T16:51:42.858207Z[0m [33m WARN[0m [2morbis_control[0m[2m:[0m product gpu status read failed; UI keeps previous evidence: Dbus("Signature mismatch: got `(uub)`, expected `(uuuub)`")
[2m2026-09-22T16:51:47.847004Z[0m [33m WARN[0m [2morbis_control[0m[2m:[0m gpu-power: refresh недоступен: BackendUnavailable("org.freedesktop.DBus.Error.Failed: org.freedesktop.DBus.Error.ServiceUnknown: The name is not activatable")
[2m2026-09-22T16:51:47.857793Z[0m [33m WARN[0m [2morbis_control[0m[2m:[0m product gpu status read failed; UI keeps previous evidence: Dbus("Signature mismatch: got `(uub)`, expected `(uuuub)`")
[2m2026-09-22T16:51:52.846692Z[0m [33m WARN[0m [2morbis_control[0m[2m:[0m gpu-power: refresh недоступен: BackendUnavailable("org.freedesktop.DBus.Error.Failed: org.freedesktop.DBus.Error.ServiceUnknown: The name is not activatable")
[2m2026-09-22T16:51:52.901486Z[0m [33m WARN[0m [2morbis_control[0m[2m:[0m product gpu status read failed; UI keeps previous evidence: Dbus("Signature mismatch: got `(uub)`, expected `(uuuub)`")
[2m2026-09-22T16:51:57.846341Z[0m [33m WARN[0m [2morbis_control[0m[2m:[0m gpu-power: refresh недоступен: BackendUnavailable("org.freedesktop.DBus.Error.Failed: org.freedesktop.DBus.Error.ServiceUnknown: The name is not activatable")
[2m2026-09-22T16:51:57.857814Z[0m [33m WARN[0m [2morbis_control[0m[2m:[0m product gpu status read failed; UI keeps previous evidence: Dbus("Signature mismatch: got `(uub)`, expected `(uuuub)`")
[2m2026-09-22T16:52:02.846707Z[0m [33m WARN[0m [2morbis_control[0m[2m:[0m gpu-power: refresh недоступен: BackendUnavailable("org.freedesktop.DBus.Error.Failed: org.freedesktop.DBus.Error.ServiceUnknown: The name is not activatable")
[2m2026-09-22T16:52:02.858072Z[0m [33m WARN[0m [2morbis_control[0m[2m:[0m product gpu status read failed; UI keeps previous evidence: Dbus("Signature mismatch: got `(uub)`, expected `(uuuub)`")
[2m2026-09-22T16:52:07.846824Z[0m [33m WARN[0m [2morbis_control[0m[2m:[0m gpu-power: refresh недоступен: BackendUnavailable("org.freedesktop.DBus.Error.Failed: org.freedesktop.DBus.Error.ServiceUnknown: The name is not activatable")
[2m2026-09-22T16:52:07.857808Z[0m [33m WARN[0m [2morbis_control[0m[2m:[0m product gpu status read failed; UI keeps previous evidence: Dbus("Signature mismatch: got `(uub)`, expected `(uuuub)`")
[2m2026-09-22T16:52:12.847713Z[0m [33m WARN[0m [2morbis_control[0m[2m:[0m gpu-power: refresh недоступен: BackendUnavailable("org.freedesktop.DBus.Error.Failed: org.freedesktop.DBus.Error.ServiceUnknown: The name is not activatable")
[2m2026-09-22T16:52:12.859107Z[0m [33m WARN[0m [2morbis_control[0m[2m:[0m product gpu status read failed; UI keeps previous evidence: Dbus("Signature mismatch: got `(uub)`, expected `(uuuub)`")
[2m2026-09-22T16:52:17.847540Z[0m [33m WARN[0m [2morbis_control[0m[2m:[0m gpu-power: refresh недоступен: BackendUnavailable("org.freedesktop.DBus.Error.Failed: org.freedesktop.DBus.Error.ServiceUnknown: The name is not activatable")
[2m2026-09-22T16:52:17.858411Z[0m [33m WARN[0m [2morbis_control[0m[2m:[0m product gpu status read failed; UI keeps previous evidence: Dbus("Signature mismatch: got `(uub)`, expected `(uuuub)`")
[2m2026-09-22T16:52:22.847001Z[0m [33m WARN[0m [2morbis_control[0m[2m:[0m gpu-power: refresh недоступен: BackendUnavailable("org.freedesktop.DBus.Error.Failed: org.freedesktop.DBus.Error.ServiceUnknown: The name is not activatable")
[2m2026-09-22T16:52:22.878832Z[0m [33m WARN[0m [2morbis_control[0m[2m:[0m product gpu status read failed; UI keeps previous evidence: Dbus("Signature mismatch: got `(uub)`, expected `(uuuub)`")
[2m2026-09-22T16:52:27.845937Z[0m [33m WARN[0m [2morbis_control[0m[2m:[0m gpu-power: refresh недоступен: BackendUnavailable("org.freedesktop.DBus.Error.Failed: org.freedesktop.DBus.Error.ServiceUnknown: The name is not activatable")
[2m2026-09-22T16:52:27.855420Z[0m [33m WARN[0m [2morbis_control[0m[2m:[0m product gpu status read failed; UI keeps previous evidence: Dbus("Signature mismatch: got `(uub)`, expected `(uuuub)`")
[2m2026-09-22T16:52:32.847001Z[0m [33m WARN[0m [2morbis_control[0m[2m:[0m gpu-power: refresh недоступен: BackendUnavailable("org.freedesktop.DBus.Error.Failed: org.freedesktop.DBus.Error.ServiceUnknown: The name is not activatable")
[2m2026-09-22T16:52:32.858294Z[0m [33m WARN[0m [2morbis_control[0m[2m:[0m product gpu status read failed; UI keeps previous evidence: Dbus("Signature mismatch: got `(uub)`, expected `(uuuub)`")
[2m2026-09-22T16:52:37.847541Z[0m [33m WARN[0m [2morbis_control[0m[2m:[0m gpu-power: refresh недоступен: BackendUnavailable("org.freedesktop.DBus.Error.Failed: org.freedesktop.DBus.Error.ServiceUnknown: The name is not activatable")
[2m2026-09-22T16:52:37.858774Z[0m [33m WARN[0m [2morbis_control[0m[2m:[0m product gpu status read failed; UI keeps previous evidence: Dbus("Signature mismatch: got `(uub)`, expected `(uuuub)`")
[2m2026-09-22T16:52:42.846592Z[0m [33m WARN[0m [2morbis_control[0m[2m:[0m gpu-power: refresh недоступен: BackendUnavailable("org.freedesktop.DBus.Error.Failed: org.freedesktop.DBus.Error.ServiceUnknown: The name is not activatable")
[2m2026-09-22T16:52:42.857526Z[0m [33m WARN[0m [2morbis_control[0m[2m:[0m product gpu status read failed; UI keeps previous evidence: Dbus("Signature mismatch: got `(uub)`, expected `(uuuub)`")
[2m2026-09-22T16:52:47.847155Z[0m [33m WARN[0m [2morbis_control[0m[2m:[0m gpu-power: refresh недоступен: BackendUnavailable("org.freedesktop.DBus.Error.Failed: org.freedesktop.DBus.Error.ServiceUnknown: The name is not activatable")
[2m2026-09-22T16:52:47.858633Z[0m [33m WARN[0m [2morbis_control[0m[2m:[0m product gpu status read failed; UI keeps previous evidence: Dbus("Signature mismatch: got `(uub)`, expected `(uuuub)`")
[2m2026-09-22T16:52:52.847265Z[0m [33m WARN[0m [2morbis_control[0m[2m:[0m gpu-power: refresh недоступен: BackendUnavailable("org.freedesktop.DBus.Error.Failed: org.freedesktop.DBus.Error.ServiceUnknown: The name is not activatable")
[2m2026-09-22T16:52:52.903146Z[0m [33m WARN[0m [2morbis_control[0m[2m:[0m product gpu status read failed; UI keeps previous evidence: Dbus("Signature mismatch: got `(uub)`, expected `(uuuub)`")
[2m2026-09-22T16:52:57.847789Z[0m [33m WARN[0m [2morbis_control[0m[2m:[0m gpu-power: refresh недоступен: BackendUnavailable("org.freedesktop.DBus.Error.Failed: org.freedesktop.DBus.Error.ServiceUnknown: The name is not activatable")
[2m2026-09-22T16:52:57.859090Z[0m [33m WARN[0m [2morbis_control[0m[2m:[0m product gpu status read failed; UI keeps previous evidence: Dbus("Signature mismatch: got `(uub)`, expected `(uuuub)`")
[2m2026-09-22T16:53:02.846952Z[0m [33m WARN[0m [2morbis_control[0m[2m:[0m gpu-power: refresh недоступен: BackendUnavailable("org.freedesktop.DBus.Error.Failed: org.freedesktop.DBus.Error.ServiceUnknown: The name is not activatable")
[2m2026-09-22T16:53:02.858638Z[0m [33m WARN[0m [2morbis_control[0m[2m:[0m product gpu status read failed; UI keeps previous evidence: Dbus("Signature mismatch: got `(uub)`, expected `(uuuub)`")
[2m2026-09-22T16:53:07.848544Z[0m [33m WARN[0m [2morbis_control[0m[2m:[0m gpu-power: refresh недоступен: BackendUnavailable("org.freedesktop.DBus.Error.Failed: org.freedesktop.DBus.Error.ServiceUnknown: The name is not activatable")
[2m2026-09-22T16:53:07.861747Z[0m [33m WARN[0m [2morbis_control[0m[2m:[0m product gpu status read failed; UI keeps previous evidence: Dbus("Signature mismatch: got `(uub)`, expected `(uuuub)`")
[2m2026-09-22T16:53:12.848742Z[0m [33m WARN[0m [2morbis_control[0m[2m:[0m gpu-power: refresh недоступен: BackendUnavailable("org.freedesktop.DBus.Error.Failed: org.freedesktop.DBus.Error.ServiceUnknown: The name is not activatable")
[2m2026-09-22T16:53:12.859573Z[0m [33m WARN[0m [2morbis_control[0m[2m:[0m product gpu status read failed; UI keeps previous evidence: Dbus("Signature mismatch: got `(uub)`, expected `(uuuub)`")
[2m2026-09-22T16:53:17.846274Z[0m [33m WARN[0m [2morbis_control[0m[2m:[0m gpu-power: refresh недоступен: BackendUnavailable("org.freedesktop.DBus.Error.Failed: org.freedesktop.DBus.Error.ServiceUnknown: The name is not activatable")
[2m2026-09-22T16:53:17.857050Z[0m [33m WARN[0m [2morbis_control[0m[2m:[0m product gpu status read failed; UI keeps previous evidence: Dbus("Signature mismatch: got `(uub)`, expected `(uuuub)`")
[2m2026-09-22T16:53:22.846712Z[0m [33m WARN[0m [2morbis_control[0m[2m:[0m gpu-power: refresh недоступен: BackendUnavailable("org.freedesktop.DBus.Error.Failed: org.freedesktop.DBus.Error.ServiceUnknown: The name is not activatable")
[2m2026-09-22T16:53:22.879863Z[0m [33m WARN[0m [2morbis_control[0m[2m:[0m product gpu status read failed; UI keeps previous evidence: Dbus("Signature mismatch: got `(uub)`, expected `(uuuub)`")
[2m2026-09-22T16:53:27.846715Z[0m [33m WARN[0m [2morbis_control[0m[2m:[0m gpu-power: refresh недоступен: BackendUnavailable("org.freedesktop.DBus.Error.Failed: org.freedesktop.DBus.Error.ServiceUnknown: The name is not activatable")
[2m2026-09-22T16:53:27.858423Z[0m [33m WARN[0m [2morbis_control[0m[2m:[0m product gpu status read failed; UI keeps previous evidence: Dbus("Signature mismatch: got `(uub)`, expected `(uuuub)`")
[2m2026-09-22T16:53:32.845288Z[0m [33m WARN[0m [2morbis_control[0m[2m:[0m gpu-power: refresh недоступен: BackendUnavailable("org.freedesktop.DBus.Error.Failed: org.freedesktop.DBus.Error.ServiceUnknown: The name is not activatable")
[2m2026-09-22T16:53:32.853053Z[0m [33m WARN[0m [2morbis_control[0m[2m:[0m product gpu status read failed; UI keeps previous evidence: Dbus("Signature mismatch: got `(uub)`, expected `(uuuub)`")
[2m2026-09-22T16:53:37.846957Z[0m [33m WARN[0m [2morbis_control[0m[2m:[0m gpu-power: refresh недоступен: BackendUnavailable("org.freedesktop.DBus.Error.Failed: org.freedesktop.DBus.Error.ServiceUnknown: The name is not activatable")
[2m2026-09-22T16:53:37.858659Z[0m [33m WARN[0m [2morbis_control[0m[2m:[0m product gpu status read failed; UI keeps previous evidence: Dbus("Signature mismatch: got `(uub)`, expected `(uuuub)`")
[2m2026-09-22T16:53:42.848087Z[0m [33m WARN[0m [2morbis_control[0m[2m:[0m gpu-power: refresh недоступен: BackendUnavailable("org.freedesktop.DBus.Error.Failed: org.freedesktop.DBus.Error.ServiceUnknown: The name is not activatable")
[2m2026-09-22T16:53:42.859217Z[0m [33m WARN[0m [2morbis_control[0m[2m:[0m product gpu status read failed; UI keeps previous evidence: Dbus("Signature mismatch: got `(uub)`, expected `(uuuub)`")
[2m2026-09-22T16:53:47.847279Z[0m [33m WARN[0m [2morbis_control[0m[2m:[0m gpu-power: refresh недоступен: BackendUnavailable("org.freedesktop.DBus.Error.Failed: org.freedesktop.DBus.Error.ServiceUnknown: The name is not activatable")
[2m2026-09-22T16:53:47.858777Z[0m [33m WARN[0m [2morbis_control[0m[2m:[0m product gpu status read failed; UI keeps previous evidence: Dbus("Signature mismatch: got `(uub)`, expected `(uuuub)`")
[2m2026-09-22T16:53:52.847988Z[0m [33m WARN[0m [2morbis_control[0m[2m:[0m gpu-power: refresh недоступен: BackendUnavailable("org.freedesktop.DBus.Error.Failed: org.freedesktop.DBus.Error.ServiceUnknown: The name is not activatable")
[2m2026-09-22T16:53:52.880156Z[0m [33m WARN[0m [2morbis_control[0m[2m:[0m product gpu status read failed; UI keeps previous evidence: Dbus("Signature mismatch: got `(uub)`, expected `(uuuub)`")
[2m2026-09-22T16:53:57.845306Z[0m [33m WARN[0m [2morbis_control[0m[2m:[0m gpu-power: refresh недоступен: BackendUnavailable("org.freedesktop.DBus.Error.Failed: org.freedesktop.DBus.Error.ServiceUnknown: The name is not activatable")
[2m2026-09-22T16:53:57.854941Z[0m [33m WARN[0m [2morbis_control[0m[2m:[0m product gpu status read failed; UI keeps previous evidence: Dbus("Signature mismatch: got `(uub)`, expected `(uuuub)`")
[2m2026-09-22T16:54:02.848581Z[0m [33m WARN[0m [2morbis_control[0m[2m:[0m gpu-power: refresh недоступен: BackendUnavailable("org.freedesktop.DBus.Error.Failed: org.freedesktop.DBus.Error.ServiceUnknown: The name is not activatable")
[2m2026-09-22T16:54:02.860966Z[0m [33m WARN[0m [2morbis_control[0m[2m:[0m product gpu status read failed; UI keeps previous evidence: Dbus("Signature mismatch: got `(uub)`, expected `(uuuub)`")
[2m2026-09-22T16:54:07.848834Z[0m [33m WARN[0m [2morbis_control[0m[2m:[0m gpu-power: refresh недоступен: BackendUnavailable("org.freedesktop.DBus.Error.Failed: org.freedesktop.DBus.Error.ServiceUnknown: The name is not activatable")
[2m2026-09-22T16:54:07.860728Z[0m [33m WARN[0m [2morbis_control[0m[2m:[0m product gpu status read failed; UI keeps previous evidence: Dbus("Signature mismatch: got `(uub)`, expected `(uuuub)`")
[2m2026-09-22T16:54:12.847555Z[0m [33m WARN[0m [2morbis_control[0m[2m:[0m gpu-power: refresh недоступен: BackendUnavailable("org.freedesktop.DBus.Error.Failed: org.freedesktop.DBus.Error.ServiceUnknown: The name is not activatable")
[2m2026-09-22T16:54:12.859307Z[0m [33m WARN[0m [2morbis_control[0m[2m:[0m product gpu status read failed; UI keeps previous evidence: Dbus("Signature mismatch: got `(uub)`, expected `(uuuub)`")
[2m2026-09-22T16:54:17.846347Z[0m [33m WARN[0m [2morbis_control[0m[2m:[0m gpu-power: refresh недоступен: BackendUnavailable("org.freedesktop.DBus.Error.Failed: org.freedesktop.DBus.Error.ServiceUnknown: The name is not activatable")
[2m2026-09-22T16:54:17.857153Z[0m [33m WARN[0m [2morbis_control[0m[2m:[0m product gpu status read failed; UI keeps previous evidence: Dbus("Signature mismatch: got `(uub)`, expected `(uuuub)`")
[2m2026-09-22T16:54:22.847299Z[0m [33m WARN[0m [2morbis_control[0m[2m:[0m gpu-power: refresh недоступен: BackendUnavailable("org.freedesktop.DBus.Error.Failed: org.freedesktop.DBus.Error.ServiceUnknown: The name is not activatable")
[2m2026-09-22T16:54:22.879431Z[0m [33m WARN[0m [2morbis_control[0m[2m:[0m product gpu status read failed; UI keeps previous evidence: Dbus("Signature mismatch: got `(uub)`, expected `(uuuub)`")
[2m2026-09-22T16:54:27.846799Z[0m [33m WARN[0m [2morbis_control[0m[2m:[0m gpu-power: refresh недоступен: BackendUnavailable("org.freedesktop.DBus.Error.Failed: org.freedesktop.DBus.Error.ServiceUnknown: The name is not activatable")
[2m2026-09-22T16:54:27.858145Z[0m [33m WARN[0m [2morbis_control[0m[2m:[0m product gpu status read failed; UI keeps previous evidence: Dbus("Signature mismatch: got `(uub)`, expected `(uuuub)`")
[2m2026-09-22T16:54:32.846977Z[0m [33m WARN[0m [2morbis_control[0m[2m:[0m gpu-power: refresh недоступен: BackendUnavailable("org.freedesktop.DBus.Error.Failed: org.freedesktop.DBus.Error.ServiceUnknown: The name is not activatable")
[2m2026-09-22T16:54:32.857960Z[0m [33m WARN[0m [2morbis_control[0m[2m:[0m product gpu status read failed; UI keeps previous evidence: Dbus("Signature mismatch: got `(uub)`, expected `(uuuub)`")
[2m2026-09-22T16:54:37.844596Z[0m [33m WARN[0m [2morbis_control[0m[2m:[0m gpu-power: refresh недоступен: BackendUnavailable("org.freedesktop.DBus.Error.Failed: org.freedesktop.DBus.Error.ServiceUnknown: The name is not activatable")
[2m2026-09-22T16:54:37.853350Z[0m [33m WARN[0m [2morbis_control[0m[2m:[0m product gpu status read failed; UI keeps previous evidence: Dbus("Signature mismatch: got `(uub)`, expected `(uuuub)`")
[2m2026-09-22T16:54:42.847241Z[0m [33m WARN[0m [2morbis_control[0m[2m:[0m gpu-power: refresh недоступен: BackendUnavailable("org.freedesktop.DBus.Error.Failed: org.freedesktop.DBus.Error.ServiceUnknown: The name is not activatable")
[2m2026-09-22T16:54:42.858805Z[0m [33m WARN[0m [2morbis_control[0m[2m:[0m product gpu status read failed; UI keeps previous evidence: Dbus("Signature mismatch: got `(uub)`, expected `(uuuub)`")
[2m2026-09-22T16:54:47.846937Z[0m [33m WARN[0m [2morbis_control[0m[2m:[0m gpu-power: refresh недоступен: BackendUnavailable("org.freedesktop.DBus.Error.Failed: org.freedesktop.DBus.Error.ServiceUnknown: The name is not activatable")
[2m2026-09-22T16:54:47.857788Z[0m [33m WARN[0m [2morbis_control[0m[2m:[0m product gpu status read failed; UI keeps previous evidence: Dbus("Signature mismatch: got `(uub)`, expected `(uuuub)`")
[2m2026-09-22T16:54:52.846711Z[0m [33m WARN[0m [2morbis_control[0m[2m:[0m gpu-power: refresh недоступен: BackendUnavailable("org.freedesktop.DBus.Error.Failed: org.freedesktop.DBus.Error.ServiceUnknown: The name is not activatable")
[2m2026-09-22T16:54:52.879773Z[0m [33m WARN[0m [2morbis_control[0m[2m:[0m product gpu status read failed; UI keeps previous evidence: Dbus("Signature mismatch: got `(uub)`, expected `(uuuub)`")
[2m2026-09-22T16:54:57.846776Z[0m [33m WARN[0m [2morbis_control[0m[2m:[0m gpu-power: refresh недоступен: BackendUnavailable("org.freedesktop.DBus.Error.Failed: org.freedesktop.DBus.Error.ServiceUnknown: The name is not activatable")
[2m2026-09-22T16:54:57.858272Z[0m [33m WARN[0m [2morbis_control[0m[2m:[0m product gpu status read failed; UI keeps previous evidence: Dbus("Signature mismatch: got `(uub)`, expected `(uuuub)`")
[2m2026-09-22T16:55:02.846362Z[0m [33m WARN[0m [2morbis_control[0m[2m:[0m gpu-power: refresh недоступен: BackendUnavailable("org.freedesktop.DBus.Error.Failed: org.freedesktop.DBus.Error.ServiceUnknown: The name is not activatable")
[2m2026-09-22T16:55:02.857771Z[0m [33m WARN[0m [2morbis_control[0m[2m:[0m product gpu status read failed; UI keeps previous evidence: Dbus("Signature mismatch: got `(uub)`, expected `(uuuub)`")
[2m2026-09-22T16:55:07.846824Z[0m [33m WARN[0m [2morbis_control[0m[2m:[0m gpu-power: refresh недоступен: BackendUnavailable("org.freedesktop.DBus.Error.Failed: org.freedesktop.DBus.Error.ServiceUnknown: The name is not activatable")
[2m2026-09-22T16:55:07.857988Z[0m [33m WARN[0m [2morbis_control[0m[2m:[0m product gpu status read failed; UI keeps previous evidence: Dbus("Signature mismatch: got `(uub)`, expected `(uuuub)`")
[2m2026-09-22T16:55:12.847810Z[0m [33m WARN[0m [2morbis_control[0m[2m:[0m gpu-power: refresh недоступен: BackendUnavailable("org.freedesktop.DBus.Error.Failed: org.freedesktop.DBus.Error.ServiceUnknown: The name is not activatable")
[2m2026-09-22T16:55:12.858896Z[0m [33m WARN[0m [2morbis_control[0m[2m:[0m product gpu status read failed; UI keeps previous evidence: Dbus("Signature mismatch: got `(uub)`, expected `(uuuub)`")
[2m2026-09-22T16:55:17.846922Z[0m [33m WARN[0m [2morbis_control[0m[2m:[0m gpu-power: refresh недоступен: BackendUnavailable("org.freedesktop.DBus.Error.Failed: org.freedesktop.DBus.Error.ServiceUnknown: The name is not activatable")
[2m2026-09-22T16:55:17.858505Z[0m [33m WARN[0m [2morbis_control[0m[2m:[0m product gpu status read failed; UI keeps previous evidence: Dbus("Signature mismatch: got `(uub)`, expected `(uuuub)`")
[2m2026-09-22T16:55:22.846630Z[0m [33m WARN[0m [2morbis_control[0m[2m:[0m gpu-power: refresh недоступен: BackendUnavailable("org.freedesktop.DBus.Error.Failed: org.freedesktop.DBus.Error.ServiceUnknown: The name is not activatable")
[2m2026-09-22T16:55:22.880213Z[0m [33m WARN[0m [2morbis_control[0m[2m:[0m product gpu status read failed; UI keeps previous evidence: Dbus("Signature mismatch: got `(uub)`, expected `(uuuub)`")
[2m2026-09-22T16:55:27.847243Z[0m [33m WARN[0m [2morbis_control[0m[2m:[0m gpu-power: refresh недоступен: BackendUnavailable("org.freedesktop.DBus.Error.Failed: org.freedesktop.DBus.Error.ServiceUnknown: The name is not activatable")
[2m2026-09-22T16:55:27.858658Z[0m [33m WARN[0m [2morbis_control[0m[2m:[0m product gpu status read failed; UI keeps previous evidence: Dbus("Signature mismatch: got `(uub)`, expected `(uuuub)`")
[2m2026-09-22T16:55:32.846333Z[0m [33m WARN[0m [2morbis_control[0m[2m:[0m gpu-power: refresh недоступен: BackendUnavailable("org.freedesktop.DBus.Error.Failed: org.freedesktop.DBus.Error.ServiceUnknown: The name is not activatable")
[2m2026-09-22T16:55:32.857578Z[0m [33m WARN[0m [2morbis_control[0m[2m:[0m product gpu status read failed; UI keeps previous evidence: Dbus("Signature mismatch: got `(uub)`, expected `(uuuub)`")
[2m2026-09-22T16:55:37.846609Z[0m [33m WARN[0m [2morbis_control[0m[2m:[0m gpu-power: refresh недоступен: BackendUnavailable("org.freedesktop.DBus.Error.Failed: org.freedesktop.DBus.Error.ServiceUnknown: The name is not activatable")
[2m2026-09-22T16:55:37.858022Z[0m [33m WARN[0m [2morbis_control[0m[2m:[0m product gpu status read failed; UI keeps previous evidence: Dbus("Signature mismatch: got `(uub)`, expected `(uuuub)`")
[2m2026-09-22T16:55:42.847484Z[0m [33m WARN[0m [2morbis_control[0m[2m:[0m gpu-power: refresh недоступен: BackendUnavailable("org.freedesktop.DBus.Error.Failed: org.freedesktop.DBus.Error.ServiceUnknown: The name is not activatable")
[2m2026-09-22T16:55:42.858412Z[0m [33m WARN[0m [2morbis_control[0m[2m:[0m product gpu status read failed; UI keeps previous evidence: Dbus("Signature mismatch: got `(uub)`, expected `(uuuub)`")
[2m2026-09-22T16:55:47.847948Z[0m [33m WARN[0m [2morbis_control[0m[2m:[0m gpu-power: refresh недоступен: BackendUnavailable("org.freedesktop.DBus.Error.Failed: org.freedesktop.DBus.Error.ServiceUnknown: The name is not activatable")
[2m2026-09-22T16:55:47.859407Z[0m [33m WARN[0m [2morbis_control[0m[2m:[0m product gpu status read failed; UI keeps previous evidence: Dbus("Signature mismatch: got `(uub)`, expected `(uuuub)`")
[2m2026-09-22T16:55:52.846446Z[0m [33m WARN[0m [2morbis_control[0m[2m:[0m gpu-power: refresh недоступен: BackendUnavailable("org.freedesktop.DBus.Error.Failed: org.freedesktop.DBus.Error.ServiceUnknown: The name is not activatable")
[2m2026-09-22T16:55:52.879713Z[0m [33m WARN[0m [2morbis_control[0m[2m:[0m product gpu status read failed; UI keeps previous evidence: Dbus("Signature mismatch: got `(uub)`, expected `(uuuub)`")
[2m2026-09-22T16:55:57.846878Z[0m [33m WARN[0m [2morbis_control[0m[2m:[0m gpu-power: refresh недоступен: BackendUnavailable("org.freedesktop.DBus.Error.Failed: org.freedesktop.DBus.Error.ServiceUnknown: The name is not activatable")
[2m2026-09-22T16:55:57.857197Z[0m [33m WARN[0m [2morbis_control[0m[2m:[0m product gpu status read failed; UI keeps previous evidence: Dbus("Signature mismatch: got `(uub)`, expected `(uuuub)`")
[2m2026-09-22T16:56:02.847913Z[0m [33m WARN[0m [2morbis_control[0m[2m:[0m gpu-power: refresh недоступен: BackendUnavailable("org.freedesktop.DBus.Error.Failed: org.freedesktop.DBus.Error.ServiceUnknown: The name is not activatable")
[2m2026-09-22T16:56:02.859962Z[0m [33m WARN[0m [2morbis_control[0m[2m:[0m product gpu status read failed; UI keeps previous evidence: Dbus("Signature mismatch: got `(uub)`, expected `(uuuub)`")
[2m2026-09-22T16:56:07.847515Z[0m [33m WARN[0m [2morbis_control[0m[2m:[0m gpu-power: refresh недоступен: BackendUnavailable("org.freedesktop.DBus.Error.Failed: org.freedesktop.DBus.Error.ServiceUnknown: The name is not activatable")
[2m2026-09-22T16:56:07.858945Z[0m [33m WARN[0m [2morbis_control[0m[2m:[0m product gpu status read failed; UI keeps previous evidence: Dbus("Signature mismatch: got `(uub)`, expected `(uuuub)`")
[2m2026-09-22T16:56:12.847220Z[0m [33m WARN[0m [2morbis_control[0m[2m:[0m gpu-power: refresh недоступен: BackendUnavailable("org.freedesktop.DBus.Error.Failed: org.freedesktop.DBus.Error.ServiceUnknown: The name is not activatable")
[2m2026-09-22T16:56:12.858205Z[0m [33m WARN[0m [2morbis_control[0m[2m:[0m product gpu status read failed; UI keeps previous evidence: Dbus("Signature mismatch: got `(uub)`, expected `(uuuub)`")
[2m2026-09-22T16:56:17.848164Z[0m [33m WARN[0m [2morbis_control[0m[2m:[0m gpu-power: refresh недоступен: BackendUnavailable("org.freedesktop.DBus.Error.Failed: org.freedesktop.DBus.Error.ServiceUnknown: The name is not activatable")
[2m2026-09-22T16:56:17.859050Z[0m [33m WARN[0m [2morbis_control[0m[2m:[0m product gpu status read failed; UI keeps previous evidence: Dbus("Signature mismatch: got `(uub)`, expected `(uuuub)`")
[2m2026-09-22T16:56:22.847469Z[0m [33m WARN[0m [2morbis_control[0m[2m:[0m gpu-power: refresh недоступен: BackendUnavailable("org.freedesktop.DBus.Error.Failed: org.freedesktop.DBus.Error.ServiceUnknown: The name is not activatable")
[2m2026-09-22T16:56:22.879292Z[0m [33m WARN[0m [2morbis_control[0m[2m:[0m product gpu status read failed; UI keeps previous evidence: Dbus("Signature mismatch: got `(uub)`, expected `(uuuub)`")
[2m2026-09-22T16:56:27.848141Z[0m [33m WARN[0m [2morbis_control[0m[2m:[0m gpu-power: refresh недоступен: BackendUnavailable("org.freedesktop.DBus.Error.Failed: org.freedesktop.DBus.Error.ServiceUnknown: The name is not activatable")
[2m2026-09-22T16:56:27.860043Z[0m [33m WARN[0m [2morbis_control[0m[2m:[0m product gpu status read failed; UI keeps previous evidence: Dbus("Signature mismatch: got `(uub)`, expected `(uuuub)`")
[2m2026-09-22T16:56:32.848392Z[0m [33m WARN[0m [2morbis_control[0m[2m:[0m gpu-power: refresh недоступен: BackendUnavailable("org.freedesktop.DBus.Error.Failed: org.freedesktop.DBus.Error.ServiceUnknown: The name is not activatable")
[2m2026-09-22T16:56:32.859675Z[0m [33m WARN[0m [2morbis_control[0m[2m:[0m product gpu status read failed; UI keeps previous evidence: Dbus("Signature mismatch: got `(uub)`, expected `(uuuub)`")
[2m2026-09-22T16:56:37.847577Z[0m [33m WARN[0m [2morbis_control[0m[2m:[0m gpu-power: refresh недоступен: BackendUnavailable("org.freedesktop.DBus.Error.Failed: org.freedesktop.DBus.Error.ServiceUnknown: The name is not activatable")
[2m2026-09-22T16:56:37.858680Z[0m [33m WARN[0m [2morbis_control[0m[2m:[0m product gpu status read failed; UI keeps previous evidence: Dbus("Signature mismatch: got `(uub)`, expected `(uuuub)`")
[2m2026-09-22T16:56:42.846395Z[0m [33m WARN[0m [2morbis_control[0m[2m:[0m gpu-power: refresh недоступен: BackendUnavailable("org.freedesktop.DBus.Error.Failed: org.freedesktop.DBus.Error.ServiceUnknown: The name is not activatable")
[2m2026-09-22T16:56:42.858134Z[0m [33m WARN[0m [2morbis_control[0m[2m:[0m product gpu status read failed; UI keeps previous evidence: Dbus("Signature mismatch: got `(uub)`, expected `(uuuub)`")
[2m2026-09-22T16:56:47.846964Z[0m [33m WARN[0m [2morbis_control[0m[2m:[0m gpu-power: refresh недоступен: BackendUnavailable("org.freedesktop.DBus.Error.Failed: org.freedesktop.DBus.Error.ServiceUnknown: The name is not activatable")
[2m2026-09-22T16:56:47.858488Z[0m [33m WARN[0m [2morbis_control[0m[2m:[0m product gpu status read failed; UI keeps previous evidence: Dbus("Signature mismatch: got `(uub)`, expected `(uuuub)`")
[2m2026-09-22T16:56:52.846534Z[0m [33m WARN[0m [2morbis_control[0m[2m:[0m gpu-power: refresh недоступен: BackendUnavailable("org.freedesktop.DBus.Error.Failed: org.freedesktop.DBus.Error.ServiceUnknown: The name is not activatable")
[2m2026-09-22T16:56:52.879341Z[0m [33m WARN[0m [2morbis_control[0m[2m:[0m product gpu status read failed; UI keeps previous evidence: Dbus("Signature mismatch: got `(uub)`, expected `(uuuub)`")
[2m2026-09-22T16:56:57.847146Z[0m [33m WARN[0m [2morbis_control[0m[2m:[0m gpu-power: refresh недоступен: BackendUnavailable("org.freedesktop.DBus.Error.Failed: org.freedesktop.DBus.Error.ServiceUnknown: The name is not activatable")
[2m2026-09-22T16:56:57.859774Z[0m [33m WARN[0m [2morbis_control[0m[2m:[0m product gpu status read failed; UI keeps previous evidence: Dbus("Signature mismatch: got `(uub)`, expected `(uuuub)`")
[2m2026-09-22T16:57:02.847325Z[0m [33m WARN[0m [2morbis_control[0m[2m:[0m gpu-power: refresh недоступен: BackendUnavailable("org.freedesktop.DBus.Error.Failed: org.freedesktop.DBus.Error.ServiceUnknown: The name is not activatable")
[2m2026-09-22T16:57:02.858402Z[0m [33m WARN[0m [2morbis_control[0m[2m:[0m product gpu status read failed; UI keeps previous evidence: Dbus("Signature mismatch: got `(uub)`, expected `(uuuub)`")
[2m2026-09-22T16:57:07.848181Z[0m [33m WARN[0m [2morbis_control[0m[2m:[0m gpu-power: refresh недоступен: BackendUnavailable("org.freedesktop.DBus.Error.Failed: org.freedesktop.DBus.Error.ServiceUnknown: The name is not activatable")
[2m2026-09-22T16:57:07.859894Z[0m [33m WARN[0m [2morbis_control[0m[2m:[0m product gpu status read failed; UI keeps previous evidence: Dbus("Signature mismatch: got `(uub)`, expected `(uuuub)`")
[2m2026-09-22T16:57:12.846918Z[0m [33m WARN[0m [2morbis_control[0m[2m:[0m gpu-power: refresh недоступен: BackendUnavailable("org.freedesktop.DBus.Error.Failed: org.freedesktop.DBus.Error.ServiceUnknown: The name is not activatable")
[2m2026-09-22T16:57:12.858123Z[0m [33m WARN[0m [2morbis_control[0m[2m:[0m product gpu status read failed; UI keeps previous evidence: Dbus("Signature mismatch: got `(uub)`, expected `(uuuub)`")
[2m2026-09-22T16:57:17.846828Z[0m [33m WARN[0m [2morbis_control[0m[2m:[0m gpu-power: refresh недоступен: BackendUnavailable("org.freedesktop.DBus.Error.Failed: org.freedesktop.DBus.Error.ServiceUnknown: The name is not activatable")
[2m2026-09-22T16:57:17.857808Z[0m [33m WARN[0m [2morbis_control[0m[2m:[0m product gpu status read failed; UI keeps previous evidence: Dbus("Signature mismatch: got `(uub)`, expected `(uuuub)`")
[2m2026-09-22T16:57:22.846554Z[0m [33m WARN[0m [2morbis_control[0m[2m:[0m gpu-power: refresh недоступен: BackendUnavailable("org.freedesktop.DBus.Error.Failed: org.freedesktop.DBus.Error.ServiceUnknown: The name is not activatable")
[2m2026-09-22T16:57:22.900722Z[0m [33m WARN[0m [2morbis_control[0m[2m:[0m product gpu status read failed; UI keeps previous evidence: Dbus("Signature mismatch: got `(uub)`, expected `(uuuub)`")
[2m2026-09-22T16:57:27.847326Z[0m [33m WARN[0m [2morbis_control[0m[2m:[0m gpu-power: refresh недоступен: BackendUnavailable("org.freedesktop.DBus.Error.Failed: org.freedesktop.DBus.Error.ServiceUnknown: The name is not activatable")
[2m2026-09-22T16:57:27.858962Z[0m [33m WARN[0m [2morbis_control[0m[2m:[0m product gpu status read failed; UI keeps previous evidence: Dbus("Signature mismatch: got `(uub)`, expected `(uuuub)`")
[2m2026-09-22T16:57:32.845214Z[0m [33m WARN[0m [2morbis_control[0m[2m:[0m gpu-power: refresh недоступен: BackendUnavailable("org.freedesktop.DBus.Error.Failed: org.freedesktop.DBus.Error.ServiceUnknown: The name is not activatable")
[2m2026-09-22T16:57:32.855583Z[0m [33m WARN[0m [2morbis_control[0m[2m:[0m product gpu status read failed; UI keeps previous evidence: Dbus("Signature mismatch: got `(uub)`, expected `(uuuub)`")
[2m2026-09-22T16:57:37.847012Z[0m [33m WARN[0m [2morbis_control[0m[2m:[0m gpu-power: refresh недоступен: BackendUnavailable("org.freedesktop.DBus.Error.Failed: org.freedesktop.DBus.Error.ServiceUnknown: The name is not activatable")
[2m2026-09-22T16:57:37.857872Z[0m [33m WARN[0m [2morbis_control[0m[2m:[0m product gpu status read failed; UI keeps previous evidence: Dbus("Signature mismatch: got `(uub)`, expected `(uuuub)`")
[2m2026-09-22T16:57:42.846262Z[0m [33m WARN[0m [2morbis_control[0m[2m:[0m gpu-power: refresh недоступен: BackendUnavailable("org.freedesktop.DBus.Error.Failed: org.freedesktop.DBus.Error.ServiceUnknown: The name is not activatable")
[2m2026-09-22T16:57:42.857874Z[0m [33m WARN[0m [2morbis_control[0m[2m:[0m product gpu status read failed; UI keeps previous evidence: Dbus("Signature mismatch: got `(uub)`, expected `(uuuub)`")
[2m2026-09-22T16:57:47.848265Z[0m [33m WARN[0m [2morbis_control[0m[2m:[0m gpu-power: refresh недоступен: BackendUnavailable("org.freedesktop.DBus.Error.Failed: org.freedesktop.DBus.Error.ServiceUnknown: The name is not activatable")
[2m2026-09-22T16:57:47.859633Z[0m [33m WARN[0m [2morbis_control[0m[2m:[0m product gpu status read failed; UI keeps previous evidence: Dbus("Signature mismatch: got `(uub)`, expected `(uuuub)`")
[2m2026-09-22T16:57:52.846450Z[0m [33m WARN[0m [2morbis_control[0m[2m:[0m gpu-power: refresh недоступен: BackendUnavailable("org.freedesktop.DBus.Error.Failed: org.freedesktop.DBus.Error.ServiceUnknown: The name is not activatable")
[2m2026-09-22T16:57:52.900597Z[0m [33m WARN[0m [2morbis_control[0m[2m:[0m product gpu status read failed; UI keeps previous evidence: Dbus("Signature mismatch: got `(uub)`, expected `(uuuub)`")
[2m2026-09-22T16:57:57.847313Z[0m [33m WARN[0m [2morbis_control[0m[2m:[0m gpu-power: refresh недоступен: BackendUnavailable("org.freedesktop.DBus.Error.Failed: org.freedesktop.DBus.Error.ServiceUnknown: The name is not activatable")
[2m2026-09-22T16:57:57.859460Z[0m [33m WARN[0m [2morbis_control[0m[2m:[0m product gpu status read failed; UI keeps previous evidence: Dbus("Signature mismatch: got `(uub)`, expected `(uuuub)`")
[2m2026-09-22T16:58:02.846979Z[0m [33m WARN[0m [2morbis_control[0m[2m:[0m gpu-power: refresh недоступен: BackendUnavailable("org.freedesktop.DBus.Error.Failed: org.freedesktop.DBus.Error.ServiceUnknown: The name is not activatable")
[2m2026-09-22T16:58:02.858090Z[0m [33m WARN[0m [2morbis_control[0m[2m:[0m product gpu status read failed; UI keeps previous evidence: Dbus("Signature mismatch: got `(uub)`, expected `(uuuub)`")
[2m2026-09-22T16:58:07.846696Z[0m [33m WARN[0m [2morbis_control[0m[2m:[0m gpu-power: refresh недоступен: BackendUnavailable("org.freedesktop.DBus.Error.Failed: org.freedesktop.DBus.Error.ServiceUnknown: The name is not activatable")
[2m2026-09-22T16:58:07.857702Z[0m [33m WARN[0m [2morbis_control[0m[2m:[0m product gpu status read failed; UI keeps previous evidence: Dbus("Signature mismatch: got `(uub)`, expected `(uuuub)`")
[2m2026-09-22T16:58:12.849431Z[0m [33m WARN[0m [2morbis_control[0m[2m:[0m gpu-power: refresh недоступен: BackendUnavailable("org.freedesktop.DBus.Error.Failed: org.freedesktop.DBus.Error.ServiceUnknown: The name is not activatable")
[2m2026-09-22T16:58:12.860487Z[0m [33m WARN[0m [2morbis_control[0m[2m:[0m product gpu status read failed; UI keeps previous evidence: Dbus("Signature mismatch: got `(uub)`, expected `(uuuub)`")
[2m2026-09-22T16:58:17.846888Z[0m [33m WARN[0m [2morbis_control[0m[2m:[0m gpu-power: refresh недоступен: BackendUnavailable("org.freedesktop.DBus.Error.Failed: org.freedesktop.DBus.Error.ServiceUnknown: The name is not activatable")
[2m2026-09-22T16:58:17.858417Z[0m [33m WARN[0m [2morbis_control[0m[2m:[0m product gpu status read failed; UI keeps previous evidence: Dbus("Signature mismatch: got `(uub)`, expected `(uuuub)`")
[2m2026-09-22T16:58:22.847072Z[0m [33m WARN[0m [2morbis_control[0m[2m:[0m gpu-power: refresh недоступен: BackendUnavailable("org.freedesktop.DBus.Error.Failed: org.freedesktop.DBus.Error.ServiceUnknown: The name is not activatable")
[2m2026-09-22T16:58:22.900467Z[0m [33m WARN[0m [2morbis_control[0m[2m:[0m product gpu status read failed; UI keeps previous evidence: Dbus("Signature mismatch: got `(uub)`, expected `(uuuub)`")
[2m2026-09-22T16:58:27.847588Z[0m [33m WARN[0m [2morbis_control[0m[2m:[0m gpu-power: refresh недоступен: BackendUnavailable("org.freedesktop.DBus.Error.Failed: org.freedesktop.DBus.Error.ServiceUnknown: The name is not activatable")
[2m2026-09-22T16:58:27.859711Z[0m [33m WARN[0m [2morbis_control[0m[2m:[0m product gpu status read failed; UI keeps previous evidence: Dbus("Signature mismatch: got `(uub)`, expected `(uuuub)`")
[2m2026-09-22T16:58:32.846578Z[0m [33m WARN[0m [2morbis_control[0m[2m:[0m gpu-power: refresh недоступен: BackendUnavailable("org.freedesktop.DBus.Error.Failed: org.freedesktop.DBus.Error.ServiceUnknown: The name is not activatable")
[2m2026-09-22T16:58:32.857601Z[0m [33m WARN[0m [2morbis_control[0m[2m:[0m product gpu status read failed; UI keeps previous evidence: Dbus("Signature mismatch: got `(uub)`, expected `(uuuub)`")
[2m2026-09-22T16:58:37.846857Z[0m [33m WARN[0m [2morbis_control[0m[2m:[0m gpu-power: refresh недоступен: BackendUnavailable("org.freedesktop.DBus.Error.Failed: org.freedesktop.DBus.Error.ServiceUnknown: The name is not activatable")
[2m2026-09-22T16:58:37.857639Z[0m [33m WARN[0m [2morbis_control[0m[2m:[0m product gpu status read failed; UI keeps previous evidence: Dbus("Signature mismatch: got `(uub)`, expected `(uuuub)`")
[2m2026-09-22T16:58:42.846816Z[0m [33m WARN[0m [2morbis_control[0m[2m:[0m gpu-power: refresh недоступен: BackendUnavailable("org.freedesktop.DBus.Error.Failed: org.freedesktop.DBus.Error.ServiceUnknown: The name is not activatable")
[2m2026-09-22T16:58:42.858011Z[0m [33m WARN[0m [2morbis_control[0m[2m:[0m product gpu status read failed; UI keeps previous evidence: Dbus("Signature mismatch: got `(uub)`, expected `(uuuub)`")
[2m2026-09-22T16:58:47.846212Z[0m [33m WARN[0m [2morbis_control[0m[2m:[0m gpu-power: refresh недоступен: BackendUnavailable("org.freedesktop.DBus.Error.Failed: org.freedesktop.DBus.Error.ServiceUnknown: The name is not activatable")
[2m2026-09-22T16:58:47.858269Z[0m [33m WARN[0m [2morbis_control[0m[2m:[0m product gpu status read failed; UI keeps previous evidence: Dbus("Signature mismatch: got `(uub)`, expected `(uuuub)`")
[2m2026-09-22T16:58:52.847256Z[0m [33m WARN[0m [2morbis_control[0m[2m:[0m gpu-power: refresh недоступен: BackendUnavailable("org.freedesktop.DBus.Error.Failed: org.freedesktop.DBus.Error.ServiceUnknown: The name is not activatable")
[2m2026-09-22T16:58:52.880609Z[0m [33m WARN[0m [2morbis_control[0m[2m:[0m product gpu status read failed; UI keeps previous evidence: Dbus("Signature mismatch: got `(uub)`, expected `(uuuub)`")
[2m2026-09-22T16:58:57.847179Z[0m [33m WARN[0m [2morbis_control[0m[2m:[0m gpu-power: refresh недоступен: BackendUnavailable("org.freedesktop.DBus.Error.Failed: org.freedesktop.DBus.Error.ServiceUnknown: The name is not activatable")
[2m2026-09-22T16:58:57.858554Z[0m [33m WARN[0m [2morbis_control[0m[2m:[0m product gpu status read failed; UI keeps previous evidence: Dbus("Signature mismatch: got `(uub)`, expected `(uuuub)`")
[2m2026-09-22T16:59:02.846330Z[0m [33m WARN[0m [2morbis_control[0m[2m:[0m gpu-power: refresh недоступен: BackendUnavailable("org.freedesktop.DBus.Error.Failed: org.freedesktop.DBus.Error.ServiceUnknown: The name is not activatable")
[2m2026-09-22T16:59:02.858186Z[0m [33m WARN[0m [2morbis_control[0m[2m:[0m product gpu status read failed; UI keeps previous evidence: Dbus("Signature mismatch: got `(uub)`, expected `(uuuub)`")
[2m2026-09-22T16:59:07.847710Z[0m [33m WARN[0m [2morbis_control[0m[2m:[0m gpu-power: refresh недоступен: BackendUnavailable("org.freedesktop.DBus.Error.Failed: org.freedesktop.DBus.Error.ServiceUnknown: The name is not activatable")
[2m2026-09-22T16:59:07.858747Z[0m [33m WARN[0m [2morbis_control[0m[2m:[0m product gpu status read failed; UI keeps previous evidence: Dbus("Signature mismatch: got `(uub)`, expected `(uuuub)`")
[2m2026-09-22T16:59:12.847874Z[0m [33m WARN[0m [2morbis_control[0m[2m:[0m gpu-power: refresh недоступен: BackendUnavailable("org.freedesktop.DBus.Error.Failed: org.freedesktop.DBus.Error.ServiceUnknown: The name is not activatable")
[2m2026-09-22T16:59:12.859144Z[0m [33m WARN[0m [2morbis_control[0m[2m:[0m product gpu status read failed; UI keeps previous evidence: Dbus("Signature mismatch: got `(uub)`, expected `(uuuub)`")
[2m2026-09-22T16:59:17.846753Z[0m [33m WARN[0m [2morbis_control[0m[2m:[0m gpu-power: refresh недоступен: BackendUnavailable("org.freedesktop.DBus.Error.Failed: org.freedesktop.DBus.Error.ServiceUnknown: The name is not activatable")
[2m2026-09-22T16:59:17.858707Z[0m [33m WARN[0m [2morbis_control[0m[2m:[0m product gpu status read failed; UI keeps previous evidence: Dbus("Signature mismatch: got `(uub)`, expected `(uuuub)`")
[2m2026-09-22T16:59:22.846432Z[0m [33m WARN[0m [2morbis_control[0m[2m:[0m gpu-power: refresh недоступен: BackendUnavailable("org.freedesktop.DBus.Error.Failed: org.freedesktop.DBus.Error.ServiceUnknown: The name is not activatable")
[2m2026-09-22T16:59:22.878771Z[0m [33m WARN[0m [2morbis_control[0m[2m:[0m product gpu status read failed; UI keeps previous evidence: Dbus("Signature mismatch: got `(uub)`, expected `(uuuub)`")
[2m2026-09-22T16:59:27.848028Z[0m [33m WARN[0m [2morbis_control[0m[2m:[0m gpu-power: refresh недоступен: BackendUnavailable("org.freedesktop.DBus.Error.Failed: org.freedesktop.DBus.Error.ServiceUnknown: The name is not activatable")
[2m2026-09-22T16:59:27.859750Z[0m [33m WARN[0m [2morbis_control[0m[2m:[0m product gpu status read failed; UI keeps previous evidence: Dbus("Signature mismatch: got `(uub)`, expected `(uuuub)`")
[2m2026-09-22T16:59:32.846638Z[0m [33m WARN[0m [2morbis_control[0m[2m:[0m gpu-power: refresh недоступен: BackendUnavailable("org.freedesktop.DBus.Error.Failed: org.freedesktop.DBus.Error.ServiceUnknown: The name is not activatable")
[2m2026-09-22T16:59:32.857827Z[0m [33m WARN[0m [2morbis_control[0m[2m:[0m product gpu status read failed; UI keeps previous evidence: Dbus("Signature mismatch: got `(uub)`, expected `(uuuub)`")
[2m2026-09-22T16:59:37.848280Z[0m [33m WARN[0m [2morbis_control[0m[2m:[0m gpu-power: refresh недоступен: BackendUnavailable("org.freedesktop.DBus.Error.Failed: org.freedesktop.DBus.Error.ServiceUnknown: The name is not activatable")
[2m2026-09-22T16:59:37.859754Z[0m [33m WARN[0m [2morbis_control[0m[2m:[0m product gpu status read failed; UI keeps previous evidence: Dbus("Signature mismatch: got `(uub)`, expected `(uuuub)`")
[2m2026-09-22T16:59:42.847750Z[0m [33m WARN[0m [2morbis_control[0m[2m:[0m gpu-power: refresh недоступен: BackendUnavailable("org.freedesktop.DBus.Error.Failed: org.freedesktop.DBus.Error.ServiceUnknown: The name is not activatable")
[2m2026-09-22T16:59:42.860315Z[0m [33m WARN[0m [2morbis_control[0m[2m:[0m product gpu status read failed; UI keeps previous evidence: Dbus("Signature mismatch: got `(uub)`, expected `(uuuub)`")
[2m2026-09-22T16:59:47.847075Z[0m [33m WARN[0m [2morbis_control[0m[2m:[0m gpu-power: refresh недоступен: BackendUnavailable("org.freedesktop.DBus.Error.Failed: org.freedesktop.DBus.Error.ServiceUnknown: The name is not activatable")
[2m2026-09-22T16:59:47.857875Z[0m [33m WARN[0m [2morbis_control[0m[2m:[0m product gpu status read failed; UI keeps previous evidence: Dbus("Signature mismatch: got `(uub)`, expected `(uuuub)`")
[2m2026-09-22T16:59:52.847250Z[0m [33m WARN[0m [2morbis_control[0m[2m:[0m gpu-power: refresh недоступен: BackendUnavailable("org.freedesktop.DBus.Error.Failed: org.freedesktop.DBus.Error.ServiceUnknown: The name is not activatable")
[2m2026-09-22T16:59:52.881105Z[0m [33m WARN[0m [2morbis_control[0m[2m:[0m product gpu status read failed; UI keeps previous evidence: Dbus("Signature mismatch: got `(uub)`, expected `(uuuub)`")
[2m2026-09-22T16:59:57.846382Z[0m [33m WARN[0m [2morbis_control[0m[2m:[0m gpu-power: refresh недоступен: BackendUnavailable("org.freedesktop.DBus.Error.Failed: org.freedesktop.DBus.Error.ServiceUnknown: The name is not activatable")
[2m2026-09-22T16:59:57.857392Z[0m [33m WARN[0m [2morbis_control[0m[2m:[0m product gpu status read failed; UI keeps previous evidence: Dbus("Signature mismatch: got `(uub)`, expected `(uuuub)`")
[2m2026-09-22T17:00:02.846830Z[0m [33m WARN[0m [2morbis_control[0m[2m:[0m gpu-power: refresh недоступен: BackendUnavailable("org.freedesktop.DBus.Error.Failed: org.freedesktop.DBus.Error.ServiceUnknown: The name is not activatable")
[2m2026-09-22T17:00:02.857959Z[0m [33m WARN[0m [2morbis_control[0m[2m:[0m product gpu status read failed; UI keeps previous evidence: Dbus("Signature mismatch: got `(uub)`, expected `(uuuub)`")
[2m2026-09-22T17:00:07.847017Z[0m [33m WARN[0m [2morbis_control[0m[2m:[0m gpu-power: refresh недоступен: BackendUnavailable("org.freedesktop.DBus.Error.Failed: org.freedesktop.DBus.Error.ServiceUnknown: The name is not activatable")
[2m2026-09-22T17:00:07.858217Z[0m [33m WARN[0m [2morbis_control[0m[2m:[0m product gpu status read failed; UI keeps previous evidence: Dbus("Signature mismatch: got `(uub)`, expected `(uuuub)`")
[2m2026-09-22T17:00:12.846860Z[0m [33m WARN[0m [2morbis_control[0m[2m:[0m gpu-power: refresh недоступен: BackendUnavailable("org.freedesktop.DBus.Error.Failed: org.freedesktop.DBus.Error.ServiceUnknown: The name is not activatable")
[2m2026-09-22T17:00:12.857999Z[0m [33m WARN[0m [2morbis_control[0m[2m:[0m product gpu status read failed; UI keeps previous evidence: Dbus("Signature mismatch: got `(uub)`, expected `(uuuub)`")
[2m2026-09-22T17:00:17.846855Z[0m [33m WARN[0m [2morbis_control[0m[2m:[0m gpu-power: refresh недоступен: BackendUnavailable("org.freedesktop.DBus.Error.Failed: org.freedesktop.DBus.Error.ServiceUnknown: The name is not activatable")
[2m2026-09-22T17:00:17.857803Z[0m [33m WARN[0m [2morbis_control[0m[2m:[0m product gpu status read failed; UI keeps previous evidence: Dbus("Signature mismatch: got `(uub)`, expected `(uuuub)`")
[2m2026-09-22T17:00:22.846819Z[0m [33m WARN[0m [2morbis_control[0m[2m:[0m gpu-power: refresh недоступен: BackendUnavailable("org.freedesktop.DBus.Error.Failed: org.freedesktop.DBus.Error.ServiceUnknown: The name is not activatable")
[2m2026-09-22T17:00:22.901855Z[0m [33m WARN[0m [2morbis_control[0m[2m:[0m product gpu status read failed; UI keeps previous evidence: Dbus("Signature mismatch: got `(uub)`, expected `(uuuub)`")
[2m2026-09-22T17:00:27.846537Z[0m [33m WARN[0m [2morbis_control[0m[2m:[0m gpu-power: refresh недоступен: BackendUnavailable("org.freedesktop.DBus.Error.Failed: org.freedesktop.DBus.Error.ServiceUnknown: The name is not activatable")
[2m2026-09-22T17:00:27.858301Z[0m [33m WARN[0m [2morbis_control[0m[2m:[0m product gpu status read failed; UI keeps previous evidence: Dbus("Signature mismatch: got `(uub)`, expected `(uuuub)`")
[2m2026-09-22T17:00:32.847333Z[0m [33m WARN[0m [2morbis_control[0m[2m:[0m gpu-power: refresh недоступен: BackendUnavailable("org.freedesktop.DBus.Error.Failed: org.freedesktop.DBus.Error.ServiceUnknown: The name is not activatable")
[2m2026-09-22T17:00:32.859571Z[0m [33m WARN[0m [2morbis_control[0m[2m:[0m product gpu status read failed; UI keeps previous evidence: Dbus("Signature mismatch: got `(uub)`, expected `(uuuub)`")
[2m2026-09-22T17:00:37.846356Z[0m [33m WARN[0m [2morbis_control[0m[2m:[0m gpu-power: refresh недоступен: BackendUnavailable("org.freedesktop.DBus.Error.Failed: org.freedesktop.DBus.Error.ServiceUnknown: The name is not activatable")
[2m2026-09-22T17:00:37.857447Z[0m [33m WARN[0m [2morbis_control[0m[2m:[0m product gpu status read failed; UI keeps previous evidence: Dbus("Signature mismatch: got `(uub)`, expected `(uuuub)`")
[2m2026-09-22T17:00:42.846692Z[0m [33m WARN[0m [2morbis_control[0m[2m:[0m gpu-power: refresh недоступен: BackendUnavailable("org.freedesktop.DBus.Error.Failed: org.freedesktop.DBus.Error.ServiceUnknown: The name is not activatable")
[2m2026-09-22T17:00:42.857961Z[0m [33m WARN[0m [2morbis_control[0m[2m:[0m product gpu status read failed; UI keeps previous evidence: Dbus("Signature mismatch: got `(uub)`, expected `(uuuub)`")
[2m2026-09-22T17:00:47.847178Z[0m [33m WARN[0m [2morbis_control[0m[2m:[0m gpu-power: refresh недоступен: BackendUnavailable("org.freedesktop.DBus.Error.Failed: org.freedesktop.DBus.Error.ServiceUnknown: The name is not activatable")
[2m2026-09-22T17:00:47.857912Z[0m [33m WARN[0m [2morbis_control[0m[2m:[0m product gpu status read failed; UI keeps previous evidence: Dbus("Signature mismatch: got `(uub)`, expected `(uuuub)`")
[2m2026-09-22T17:00:52.847959Z[0m [33m WARN[0m [2morbis_control[0m[2m:[0m gpu-power: refresh недоступен: BackendUnavailable("org.freedesktop.DBus.Error.Failed: org.freedesktop.DBus.Error.ServiceUnknown: The name is not activatable")
[2m2026-09-22T17:00:52.880903Z[0m [33m WARN[0m [2morbis_control[0m[2m:[0m product gpu status read failed; UI keeps previous evidence: Dbus("Signature mismatch: got `(uub)`, expected `(uuuub)`")
[2m2026-09-22T17:00:57.847746Z[0m [33m WARN[0m [2morbis_control[0m[2m:[0m gpu-power: refresh недоступен: BackendUnavailable("org.freedesktop.DBus.Error.Failed: org.freedesktop.DBus.Error.ServiceUnknown: The name is not activatable")
[2m2026-09-22T17:00:57.859050Z[0m [33m WARN[0m [2morbis_control[0m[2m:[0m product gpu status read failed; UI keeps previous evidence: Dbus("Signature mismatch: got `(uub)`, expected `(uuuub)`")
[2m2026-09-22T17:01:02.847338Z[0m [33m WARN[0m [2morbis_control[0m[2m:[0m gpu-power: refresh недоступен: BackendUnavailable("org.freedesktop.DBus.Error.Failed: org.freedesktop.DBus.Error.ServiceUnknown: The name is not activatable")
[2m2026-09-22T17:01:02.859129Z[0m [33m WARN[0m [2morbis_control[0m[2m:[0m product gpu status read failed; UI keeps previous evidence: Dbus("Signature mismatch: got `(uub)`, expected `(uuuub)`")
[2m2026-09-22T17:01:07.846383Z[0m [33m WARN[0m [2morbis_control[0m[2m:[0m gpu-power: refresh недоступен: BackendUnavailable("org.freedesktop.DBus.Error.Failed: org.freedesktop.DBus.Error.ServiceUnknown: The name is not activatable")
[2m2026-09-22T17:01:07.857920Z[0m [33m WARN[0m [2morbis_control[0m[2m:[0m product gpu status read failed; UI keeps previous evidence: Dbus("Signature mismatch: got `(uub)`, expected `(uuuub)`")
[2m2026-09-22T17:01:12.847685Z[0m [33m WARN[0m [2morbis_control[0m[2m:[0m gpu-power: refresh недоступен: BackendUnavailable("org.freedesktop.DBus.Error.Failed: org.freedesktop.DBus.Error.ServiceUnknown: The name is not activatable")
[2m2026-09-22T17:01:12.858657Z[0m [33m WARN[0m [2morbis_control[0m[2m:[0m product gpu status read failed; UI keeps previous evidence: Dbus("Signature mismatch: got `(uub)`, expected `(uuuub)`")
[2m2026-09-22T17:01:17.847316Z[0m [33m WARN[0m [2morbis_control[0m[2m:[0m gpu-power: refresh недоступен: BackendUnavailable("org.freedesktop.DBus.Error.Failed: org.freedesktop.DBus.Error.ServiceUnknown: The name is not activatable")
[2m2026-09-22T17:01:17.858352Z[0m [33m WARN[0m [2morbis_control[0m[2m:[0m product gpu status read failed; UI keeps previous evidence: Dbus("Signature mismatch: got `(uub)`, expected `(uuuub)`")
[2m2026-09-22T17:01:22.847602Z[0m [33m WARN[0m [2morbis_control[0m[2m:[0m gpu-power: refresh недоступен: BackendUnavailable("org.freedesktop.DBus.Error.Failed: org.freedesktop.DBus.Error.ServiceUnknown: The name is not activatable")
[2m2026-09-22T17:01:22.881655Z[0m [33m WARN[0m [2morbis_control[0m[2m:[0m product gpu status read failed; UI keeps previous evidence: Dbus("Signature mismatch: got `(uub)`, expected `(uuuub)`")
[2m2026-09-22T17:01:27.846469Z[0m [33m WARN[0m [2morbis_control[0m[2m:[0m gpu-power: refresh недоступен: BackendUnavailable("org.freedesktop.DBus.Error.Failed: org.freedesktop.DBus.Error.ServiceUnknown: The name is not activatable")
[2m2026-09-22T17:01:27.858344Z[0m [33m WARN[0m [2morbis_control[0m[2m:[0m product gpu status read failed; UI keeps previous evidence: Dbus("Signature mismatch: got `(uub)`, expected `(uuuub)`")
[2m2026-09-22T17:01:32.847016Z[0m [33m WARN[0m [2morbis_control[0m[2m:[0m gpu-power: refresh недоступен: BackendUnavailable("org.freedesktop.DBus.Error.Failed: org.freedesktop.DBus.Error.ServiceUnknown: The name is not activatable")
[2m2026-09-22T17:01:32.857682Z[0m [33m WARN[0m [2morbis_control[0m[2m:[0m product gpu status read failed; UI keeps previous evidence: Dbus("Signature mismatch: got `(uub)`, expected `(uuuub)`")
[2m2026-09-22T17:01:37.847199Z[0m [33m WARN[0m [2morbis_control[0m[2m:[0m gpu-power: refresh недоступен: BackendUnavailable("org.freedesktop.DBus.Error.Failed: org.freedesktop.DBus.Error.ServiceUnknown: The name is not activatable")
[2m2026-09-22T17:01:37.859300Z[0m [33m WARN[0m [2morbis_control[0m[2m:[0m product gpu status read failed; UI keeps previous evidence: Dbus("Signature mismatch: got `(uub)`, expected `(uuuub)`")
[2m2026-09-22T17:01:42.847033Z[0m [33m WARN[0m [2morbis_control[0m[2m:[0m gpu-power: refresh недоступен: BackendUnavailable("org.freedesktop.DBus.Error.Failed: org.freedesktop.DBus.Error.ServiceUnknown: The name is not activatable")
[2m2026-09-22T17:01:42.858356Z[0m [33m WARN[0m [2morbis_control[0m[2m:[0m product gpu status read failed; UI keeps previous evidence: Dbus("Signature mismatch: got `(uub)`, expected `(uuuub)`")
[2m2026-09-22T17:01:47.847514Z[0m [33m WARN[0m [2morbis_control[0m[2m:[0m gpu-power: refresh недоступен: BackendUnavailable("org.freedesktop.DBus.Error.Failed: org.freedesktop.DBus.Error.ServiceUnknown: The name is not activatable")
[2m2026-09-22T17:01:47.859360Z[0m [33m WARN[0m [2morbis_control[0m[2m:[0m product gpu status read failed; UI keeps previous evidence: Dbus("Signature mismatch: got `(uub)`, expected `(uuuub)`")
[2m2026-09-22T17:01:52.847414Z[0m [33m WARN[0m [2morbis_control[0m[2m:[0m gpu-power: refresh недоступен: BackendUnavailable("org.freedesktop.DBus.Error.Failed: org.freedesktop.DBus.Error.ServiceUnknown: The name is not activatable")
[2m2026-09-22T17:01:52.881440Z[0m [33m WARN[0m [2morbis_control[0m[2m:[0m product gpu status read failed; UI keeps previous evidence: Dbus("Signature mismatch: got `(uub)`, expected `(uuuub)`")
[2m2026-09-22T17:01:57.846858Z[0m [33m WARN[0m [2morbis_control[0m[2m:[0m gpu-power: refresh недоступен: BackendUnavailable("org.freedesktop.DBus.Error.Failed: org.freedesktop.DBus.Error.ServiceUnknown: The name is not activatable")
[2m2026-09-22T17:01:57.858515Z[0m [33m WARN[0m [2morbis_control[0m[2m:[0m product gpu status read failed; UI keeps previous evidence: Dbus("Signature mismatch: got `(uub)`, expected `(uuuub)`")
[2m2026-09-22T17:02:02.847329Z[0m [33m WARN[0m [2morbis_control[0m[2m:[0m gpu-power: refresh недоступен: BackendUnavailable("org.freedesktop.DBus.Error.Failed: org.freedesktop.DBus.Error.ServiceUnknown: The name is not activatable")
[2m2026-09-22T17:02:02.858849Z[0m [33m WARN[0m [2morbis_control[0m[2m:[0m product gpu status read failed; UI keeps previous evidence: Dbus("Signature mismatch: got `(uub)`, expected `(uuuub)`")
[2m2026-09-22T17:02:07.847401Z[0m [33m WARN[0m [2morbis_control[0m[2m:[0m gpu-power: refresh недоступен: BackendUnavailable("org.freedesktop.DBus.Error.Failed: org.freedesktop.DBus.Error.ServiceUnknown: The name is not activatable")
[2m2026-09-22T17:02:07.858115Z[0m [33m WARN[0m [2morbis_control[0m[2m:[0m product gpu status read failed; UI keeps previous evidence: Dbus("Signature mismatch: got `(uub)`, expected `(uuuub)`")
[2m2026-09-22T17:02:12.847103Z[0m [33m WARN[0m [2morbis_control[0m[2m:[0m gpu-power: refresh недоступен: BackendUnavailable("org.freedesktop.DBus.Error.Failed: org.freedesktop.DBus.Error.ServiceUnknown: The name is not activatable")
[2m2026-09-22T17:02:12.858495Z[0m [33m WARN[0m [2morbis_control[0m[2m:[0m product gpu status read failed; UI keeps previous evidence: Dbus("Signature mismatch: got `(uub)`, expected `(uuuub)`")
[2m2026-09-22T17:02:17.846459Z[0m [33m WARN[0m [2morbis_control[0m[2m:[0m gpu-power: refresh недоступен: BackendUnavailable("org.freedesktop.DBus.Error.Failed: org.freedesktop.DBus.Error.ServiceUnknown: The name is not activatable")
[2m2026-09-22T17:02:17.857421Z[0m [33m WARN[0m [2morbis_control[0m[2m:[0m product gpu status read failed; UI keeps previous evidence: Dbus("Signature mismatch: got `(uub)`, expected `(uuuub)`")
[2m2026-09-22T17:02:22.847187Z[0m [33m WARN[0m [2morbis_control[0m[2m:[0m gpu-power: refresh недоступен: BackendUnavailable("org.freedesktop.DBus.Error.Failed: org.freedesktop.DBus.Error.ServiceUnknown: The name is not activatable")
[2m2026-09-22T17:02:22.880805Z[0m [33m WARN[0m [2morbis_control[0m[2m:[0m product gpu status read failed; UI keeps previous evidence: Dbus("Signature mismatch: got `(uub)`, expected `(uuuub)`")
[2m2026-09-22T17:02:27.846391Z[0m [33m WARN[0m [2morbis_control[0m[2m:[0m gpu-power: refresh недоступен: BackendUnavailable("org.freedesktop.DBus.Error.Failed: org.freedesktop.DBus.Error.ServiceUnknown: The name is not activatable")
[2m2026-09-22T17:02:27.857388Z[0m [33m WARN[0m [2morbis_control[0m[2m:[0m product gpu status read failed; UI keeps previous evidence: Dbus("Signature mismatch: got `(uub)`, expected `(uuuub)`")
[2m2026-09-22T17:02:32.847892Z[0m [33m WARN[0m [2morbis_control[0m[2m:[0m gpu-power: refresh недоступен: BackendUnavailable("org.freedesktop.DBus.Error.Failed: org.freedesktop.DBus.Error.ServiceUnknown: The name is not activatable")
[2m2026-09-22T17:02:32.858841Z[0m [33m WARN[0m [2morbis_control[0m[2m:[0m product gpu status read failed; UI keeps previous evidence: Dbus("Signature mismatch: got `(uub)`, expected `(uuuub)`")
[2m2026-09-22T17:02:37.846859Z[0m [33m WARN[0m [2morbis_control[0m[2m:[0m gpu-power: refresh недоступен: BackendUnavailable("org.freedesktop.DBus.Error.Failed: org.freedesktop.DBus.Error.ServiceUnknown: The name is not activatable")
[2m2026-09-22T17:02:37.858175Z[0m [33m WARN[0m [2morbis_control[0m[2m:[0m product gpu status read failed; UI keeps previous evidence: Dbus("Signature mismatch: got `(uub)`, expected `(uuuub)`")
[2m2026-09-22T17:02:42.846988Z[0m [33m WARN[0m [2morbis_control[0m[2m:[0m gpu-power: refresh недоступен: BackendUnavailable("org.freedesktop.DBus.Error.Failed: org.freedesktop.DBus.Error.ServiceUnknown: The name is not activatable")
[2m2026-09-22T17:02:42.859103Z[0m [33m WARN[0m [2morbis_control[0m[2m:[0m product gpu status read failed; UI keeps previous evidence: Dbus("Signature mismatch: got `(uub)`, expected `(uuuub)`")
[2m2026-09-22T17:02:47.847425Z[0m [33m WARN[0m [2morbis_control[0m[2m:[0m gpu-power: refresh недоступен: BackendUnavailable("org.freedesktop.DBus.Error.Failed: org.freedesktop.DBus.Error.ServiceUnknown: The name is not activatable")
[2m2026-09-22T17:02:47.860037Z[0m [33m WARN[0m [2morbis_control[0m[2m:[0m product gpu status read failed; UI keeps previous evidence: Dbus("Signature mismatch: got `(uub)`, expected `(uuuub)`")
[2m2026-09-22T17:02:52.846088Z[0m [33m WARN[0m [2morbis_control[0m[2m:[0m gpu-power: refresh недоступен: BackendUnavailable("org.freedesktop.DBus.Error.Failed: org.freedesktop.DBus.Error.ServiceUnknown: The name is not activatable")
[2m2026-09-22T17:02:52.902243Z[0m [33m WARN[0m [2morbis_control[0m[2m:[0m product gpu status read failed; UI keeps previous evidence: Dbus("Signature mismatch: got `(uub)`, expected `(uuuub)`")
[2m2026-09-22T17:02:57.846424Z[0m [33m WARN[0m [2morbis_control[0m[2m:[0m gpu-power: refresh недоступен: BackendUnavailable("org.freedesktop.DBus.Error.Failed: org.freedesktop.DBus.Error.ServiceUnknown: The name is not activatable")
[2m2026-09-22T17:02:57.857970Z[0m [33m WARN[0m [2morbis_control[0m[2m:[0m product gpu status read failed; UI keeps previous evidence: Dbus("Signature mismatch: got `(uub)`, expected `(uuuub)`")
[2m2026-09-22T17:03:02.846964Z[0m [33m WARN[0m [2morbis_control[0m[2m:[0m gpu-power: refresh недоступен: BackendUnavailable("org.freedesktop.DBus.Error.Failed: org.freedesktop.DBus.Error.ServiceUnknown: The name is not activatable")
[2m2026-09-22T17:03:02.857829Z[0m [33m WARN[0m [2morbis_control[0m[2m:[0m product gpu status read failed; UI keeps previous evidence: Dbus("Signature mismatch: got `(uub)`, expected `(uuuub)`")
[2m2026-09-22T17:03:07.846961Z[0m [33m WARN[0m [2morbis_control[0m[2m:[0m gpu-power: refresh недоступен: BackendUnavailable("org.freedesktop.DBus.Error.Failed: org.freedesktop.DBus.Error.ServiceUnknown: The name is not activatable")
[2m2026-09-22T17:03:07.858252Z[0m [33m WARN[0m [2morbis_control[0m[2m:[0m product gpu status read failed; UI keeps previous evidence: Dbus("Signature mismatch: got `(uub)`, expected `(uuuub)`")
[2m2026-09-22T17:03:12.846127Z[0m [33m WARN[0m [2morbis_control[0m[2m:[0m gpu-power: refresh недоступен: BackendUnavailable("org.freedesktop.DBus.Error.Failed: org.freedesktop.DBus.Error.ServiceUnknown: The name is not activatable")
[2m2026-09-22T17:03:12.858202Z[0m [33m WARN[0m [2morbis_control[0m[2m:[0m product gpu status read failed; UI keeps previous evidence: Dbus("Signature mismatch: got `(uub)`, expected `(uuuub)`")
[2m2026-09-22T17:03:17.847076Z[0m [33m WARN[0m [2morbis_control[0m[2m:[0m gpu-power: refresh недоступен: BackendUnavailable("org.freedesktop.DBus.Error.Failed: org.freedesktop.DBus.Error.ServiceUnknown: The name is not activatable")
[2m2026-09-22T17:03:17.858456Z[0m [33m WARN[0m [2morbis_control[0m[2m:[0m product gpu status read failed; UI keeps previous evidence: Dbus("Signature mismatch: got `(uub)`, expected `(uuuub)`")
[2m2026-09-22T17:03:22.846587Z[0m [33m WARN[0m [2morbis_control[0m[2m:[0m gpu-power: refresh недоступен: BackendUnavailable("org.freedesktop.DBus.Error.Failed: org.freedesktop.DBus.Error.ServiceUnknown: The name is not activatable")
[2m2026-09-22T17:03:22.879397Z[0m [33m WARN[0m [2morbis_control[0m[2m:[0m product gpu status read failed; UI keeps previous evidence: Dbus("Signature mismatch: got `(uub)`, expected `(uuuub)`")
[2m2026-09-22T17:03:27.846468Z[0m [33m WARN[0m [2morbis_control[0m[2m:[0m gpu-power: refresh недоступен: BackendUnavailable("org.freedesktop.DBus.Error.Failed: org.freedesktop.DBus.Error.ServiceUnknown: The name is not activatable")
[2m2026-09-22T17:03:27.858010Z[0m [33m WARN[0m [2morbis_control[0m[2m:[0m product gpu status read failed; UI keeps previous evidence: Dbus("Signature mismatch: got `(uub)`, expected `(uuuub)`")
[2m2026-09-22T17:03:32.846828Z[0m [33m WARN[0m [2morbis_control[0m[2m:[0m gpu-power: refresh недоступен: BackendUnavailable("org.freedesktop.DBus.Error.Failed: org.freedesktop.DBus.Error.ServiceUnknown: The name is not activatable")
[2m2026-09-22T17:03:32.857962Z[0m [33m WARN[0m [2morbis_control[0m[2m:[0m product gpu status read failed; UI keeps previous evidence: Dbus("Signature mismatch: got `(uub)`, expected `(uuuub)`")
[2m2026-09-22T17:03:37.846752Z[0m [33m WARN[0m [2morbis_control[0m[2m:[0m gpu-power: refresh недоступен: BackendUnavailable("org.freedesktop.DBus.Error.Failed: org.freedesktop.DBus.Error.ServiceUnknown: The name is not activatable")
[2m2026-09-22T17:03:37.858279Z[0m [33m WARN[0m [2morbis_control[0m[2m:[0m product gpu status read failed; UI keeps previous evidence: Dbus("Signature mismatch: got `(uub)`, expected `(uuuub)`")
[2m2026-09-22T17:03:42.847561Z[0m [33m WARN[0m [2morbis_control[0m[2m:[0m gpu-power: refresh недоступен: BackendUnavailable("org.freedesktop.DBus.Error.Failed: org.freedesktop.DBus.Error.ServiceUnknown: The name is not activatable")
[2m2026-09-22T17:03:42.858932Z[0m [33m WARN[0m [2morbis_control[0m[2m:[0m product gpu status read failed; UI keeps previous evidence: Dbus("Signature mismatch: got `(uub)`, expected `(uuuub)`")
[2m2026-09-22T17:03:47.848168Z[0m [33m WARN[0m [2morbis_control[0m[2m:[0m gpu-power: refresh недоступен: BackendUnavailable("org.freedesktop.DBus.Error.Failed: org.freedesktop.DBus.Error.ServiceUnknown: The name is not activatable")
[2m2026-09-22T17:03:47.859559Z[0m [33m WARN[0m [2morbis_control[0m[2m:[0m product gpu status read failed; UI keeps previous evidence: Dbus("Signature mismatch: got `(uub)`, expected `(uuuub)`")
[2m2026-09-22T17:03:52.846573Z[0m [33m WARN[0m [2morbis_control[0m[2m:[0m gpu-power: refresh недоступен: BackendUnavailable("org.freedesktop.DBus.Error.Failed: org.freedesktop.DBus.Error.ServiceUnknown: The name is not activatable")
[2m2026-09-22T17:03:52.879474Z[0m [33m WARN[0m [2morbis_control[0m[2m:[0m product gpu status read failed; UI keeps previous evidence: Dbus("Signature mismatch: got `(uub)`, expected `(uuuub)`")
[2m2026-09-22T17:03:57.847282Z[0m [33m WARN[0m [2morbis_control[0m[2m:[0m gpu-power: refresh недоступен: BackendUnavailable("org.freedesktop.DBus.Error.Failed: org.freedesktop.DBus.Error.ServiceUnknown: The name is not activatable")
[2m2026-09-22T17:03:57.858500Z[0m [33m WARN[0m [2morbis_control[0m[2m:[0m product gpu status read failed; UI keeps previous evidence: Dbus("Signature mismatch: got `(uub)`, expected `(uuuub)`")
[2m2026-09-22T17:04:02.849394Z[0m [33m WARN[0m [2morbis_control[0m[2m:[0m gpu-power: refresh недоступен: BackendUnavailable("org.freedesktop.DBus.Error.Failed: org.freedesktop.DBus.Error.ServiceUnknown: The name is not activatable")
[2m2026-09-22T17:04:02.860374Z[0m [33m WARN[0m [2morbis_control[0m[2m:[0m product gpu status read failed; UI keeps previous evidence: Dbus("Signature mismatch: got `(uub)`, expected `(uuuub)`")
[2m2026-09-22T17:04:07.847113Z[0m [33m WARN[0m [2morbis_control[0m[2m:[0m gpu-power: refresh недоступен: BackendUnavailable("org.freedesktop.DBus.Error.Failed: org.freedesktop.DBus.Error.ServiceUnknown: The name is not activatable")
[2m2026-09-22T17:04:07.858154Z[0m [33m WARN[0m [2morbis_control[0m[2m:[0m product gpu status read failed; UI keeps previous evidence: Dbus("Signature mismatch: got `(uub)`, expected `(uuuub)`")
[2m2026-09-22T17:04:12.846944Z[0m [33m WARN[0m [2morbis_control[0m[2m:[0m gpu-power: refresh недоступен: BackendUnavailable("org.freedesktop.DBus.Error.Failed: org.freedesktop.DBus.Error.ServiceUnknown: The name is not activatable")
[2m2026-09-22T17:04:12.857912Z[0m [33m WARN[0m [2morbis_control[0m[2m:[0m product gpu status read failed; UI keeps previous evidence: Dbus("Signature mismatch: got `(uub)`, expected `(uuuub)`")
[2m2026-09-22T17:04:17.847650Z[0m [33m WARN[0m [2morbis_control[0m[2m:[0m gpu-power: refresh недоступен: BackendUnavailable("org.freedesktop.DBus.Error.Failed: org.freedesktop.DBus.Error.ServiceUnknown: The name is not activatable")
[2m2026-09-22T17:04:17.859230Z[0m [33m WARN[0m [2morbis_control[0m[2m:[0m product gpu status read failed; UI keeps previous evidence: Dbus("Signature mismatch: got `(uub)`, expected `(uuuub)`")
[2m2026-09-22T17:04:22.848034Z[0m [33m WARN[0m [2morbis_control[0m[2m:[0m gpu-power: refresh недоступен: BackendUnavailable("org.freedesktop.DBus.Error.Failed: org.freedesktop.DBus.Error.ServiceUnknown: The name is not activatable")
[2m2026-09-22T17:04:22.900417Z[0m [33m WARN[0m [2morbis_control[0m[2m:[0m product gpu status read failed; UI keeps previous evidence: Dbus("Signature mismatch: got `(uub)`, expected `(uuuub)`")
[2m2026-09-22T17:04:27.846699Z[0m [33m WARN[0m [2morbis_control[0m[2m:[0m gpu-power: refresh недоступен: BackendUnavailable("org.freedesktop.DBus.Error.Failed: org.freedesktop.DBus.Error.ServiceUnknown: The name is not activatable")
[2m2026-09-22T17:04:27.857526Z[0m [33m WARN[0m [2morbis_control[0m[2m:[0m product gpu status read failed; UI keeps previous evidence: Dbus("Signature mismatch: got `(uub)`, expected `(uuuub)`")
[2m2026-09-22T17:04:32.846344Z[0m [33m WARN[0m [2morbis_control[0m[2m:[0m gpu-power: refresh недоступен: BackendUnavailable("org.freedesktop.DBus.Error.Failed: org.freedesktop.DBus.Error.ServiceUnknown: The name is not activatable")
[2m2026-09-22T17:04:32.857906Z[0m [33m WARN[0m [2morbis_control[0m[2m:[0m product gpu status read failed; UI keeps previous evidence: Dbus("Signature mismatch: got `(uub)`, expected `(uuuub)`")
[2m2026-09-22T17:04:37.846704Z[0m [33m WARN[0m [2morbis_control[0m[2m:[0m gpu-power: refresh недоступен: BackendUnavailable("org.freedesktop.DBus.Error.Failed: org.freedesktop.DBus.Error.ServiceUnknown: The name is not activatable")
[2m2026-09-22T17:04:37.858438Z[0m [33m WARN[0m [2morbis_control[0m[2m:[0m product gpu status read failed; UI keeps previous evidence: Dbus("Signature mismatch: got `(uub)`, expected `(uuuub)`")
[2m2026-09-22T17:04:42.847164Z[0m [33m WARN[0m [2morbis_control[0m[2m:[0m gpu-power: refresh недоступен: BackendUnavailable("org.freedesktop.DBus.Error.Failed: org.freedesktop.DBus.Error.ServiceUnknown: The name is not activatable")
[2m2026-09-22T17:04:42.859219Z[0m [33m WARN[0m [2morbis_control[0m[2m:[0m product gpu status read failed; UI keeps previous evidence: Dbus("Signature mismatch: got `(uub)`, expected `(uuuub)`")
